id,visible,title,price,old_price,ribbon,cover,sku,category,short_desc,long_desc
book-01,false,Атрибуты Русских Богов,80,0,,atributy-russkih-bogov-126-B.jpg,978-5-91898-003-3,,"В этой книге Автор описывает атрибуты русских Богов, даты контакта с богами их функций.","В этой книге Автор описывает атрибуты русских Богов, даты контакта с богами их функций."
book-02,false,Арканы Божественых Событий,0,0,,arkany-bozhestvenyh-sobytii-144-B.jpg,,,Арканы Божественых Событий,Арканы Божественых Событий
book-03,true,Бабы Яги - Кто Они,1500,0,,baby-yagi-kto-oni-137-B.jpg,978-5-91898-002-6,в-поисках-сокровенного;рекомендованные-для-учащихся-шж,"Рукописи не горят. Ничто и никогда не исчезает бесследно. Такие мысли сразу приходят на память после прочтения этой книги. Что было, то и бу...","Рукописи не горят. Ничто и никогда не исчезает бесследно. Такие мысли сразу приходят на память после прочтения этой книги. Что было, то и будет, русская волшебная культура не умерла и не может умереть, даже если останется только один ее представитель. Не дайте ей исчезнуть, берегите ее, дополняйте утраченным, передавайте другим- в этом залог ее сохранения.Книга посвящена описанию техник достижения чудесных вещей, которые с корнем вырваны и продолжают искореняться из русской волшебной культуры. Но есть надежда, что это лишь начало исследования, если продолжится диалог с настоящими носителями исчезающей культуры.Книга расчитана на всех, кто пытается приблизится к источнику волшебных знаний.&nbsp;&nbsp;"
book-04,true,Волхвы,800,0,,volhvy-64-B.jpg,978-59024-4405-5,в-поисках-сокровенного;рекомендованные-для-учащихся-шж,"Все люди по своей природе продолжают оставаться&nbsp; богами , хотя и лишены памяти о своих прошлых - божественных воплощениях. Их высокие д...","Все люди по своей природе продолжают оставаться&nbsp; богами , хотя и лишены памяти о своих прошлых - божественных воплощениях. Их высокие достижения были обусловлены нашей древней религией - православием и нашей древней верой - правоверием, канувшим в Лету, как и все былое могущество наших предков. О них и пойдет речь в предлагаемой работе."
book-05,false,Вопросы и ответы,110,0,,voprosy-i-otvety-231-B.jpg,,,"Книга ""Вопросы и ответы"" посвящена наиболее часто задаваемым вопросам по ВОКК, сюда же включены отзывы читателей на книги автора серии ""В по...","Книга ""Вопросы и ответы"" посвящена наиболее часто задаваемым вопросам по ВОКК, сюда же включены отзывы читателей на книги автора серии ""В поисках сокровенного""."
book-06,true,Встреча с Кощеем Бессмертным,700,0,,vstrecha-s-koscheem-bessmertnym-127-B.jpg,978-5-93897-010-5,в-поисках-сокровенного,"Сегодня конечность человеческой жизни воспринимается нами как естественное, само собой разумеющееся явление. Но заложена ли смерть во внутре...","Сегодня конечность человеческой жизни воспринимается нами как естественное, само собой разумеющееся явление. Но заложена ли смерть во внутренней биологической природе человека? Предлагаемая работа доказывает, что убеждение большинства людей в невозможности физического бессмертия есть не что иное, как исторически сложившаяся догма, родственная в уверенности в том, что ""камни с неба падать не могут, потому, что их там нет"". Физическое бессмертие индивида возможно, считает автор этой книги и лишь упорство человеческого невежества мешает людям признать эту истину."
book-07,true,Диалог Земля-Космос,1000,0,,dialog-zemlya-kosmos-146-B.jpg,978-5-902-444-03-9,рекомендованные-для-учащихся-шж;в-поисках-сокровенного,"Новое и дополненное издание! В этой книге сделана попытка ответить на вопросы, почему на земле не прекращаются войны и кризисы, почему с каж...","Новое и дополненное издание! В этой книге сделана попытка ответить на вопросы, почему на земле не прекращаются войны и кризисы, почему с каждым годом, несмотря на рост производства, не происходит улучшение положения людей, а наоборот, ухудшение. Почему преследуются изобретатели эпохальных открытий, ученые, открывшие новые явления и руководители филосовских школ, реально помогающие людям устроить свою жизнь. Кто стоит за переписыванием истории и уничтожением потрясающих, выходящих из ряда вон, археологических находок. Почему так упорно нам продолжают делать прививки в детском возрасте, хотя уже давно доказана их смертельная опасность? Кто придумывает образовательные реформы, которые от столетия к столетию ведут к дебилизации населения. Куда уходят добываемые ресурсы планеты, из которых только 5% идет на нужды Человечества, а 95% канут в неизвестности. Эта книга позволяет ответить на вопросы: кто является настоящим хозяином нашей планеты, и почему&nbsp; все благие начинания людей и политиков заканчиваются крахом, а жизнь на&nbsp;Земле как ни улучшалась, так и не улучшается.&nbsp;"
book-08,true,Древлеправославная цивилизация,800,0,,drevle_civil.jpg,976-5-91898-001-1,русская-волшебная-культура;рекомендованные-для-учащихся-шж,"В этой книге изложены главные традиции древлеправославной цивилизации, собранные&nbsp;из различных источников, и частично изложенные&nbsp;ав...","В этой книге изложены главные традиции древлеправославной цивилизации, собранные&nbsp;из различных источников, и частично изложенные&nbsp;автором из его работ из серии ""В поисках сокровенного"". и серии ""Русская Волшебная Культура"". Поэтому книга принадлежит одновременно двум сериям&nbsp;и рассчитана на широкий круг читателей."
book-09,false,Древлеправославный Календарь и пробелы в русской истории,250,0,,drevlepravoslavnyi-kalendar-131-B.jpg,978-6-91898-040-8,рекомендованные-для-учащихся-шж;в-поисках-сокровенного,"Эта книга посвящена вопросам влияния на человека, чисел и временных промежутков, которые определяют его судъбу, удачу, процветание или, наоб...","Эта книга посвящена вопросам влияния на человека, чисел и временных промежутков, которые определяют его судъбу, удачу, процветание или, наоборот, при незнании функций чисел и временных промежутков, можно так и остаться в поле несчастий, невезения и всевожможных напастей. Все это было отражено в древлеправославном календаре, в его строении и в праздничных датах, построенного нашими предками на фундаментальной базе функций натурального ряда чисел. В процессе исследования этого календаря вскрываются очень серьездные пробелы в наших знаниях о русской культуре и истории, которые мы и попытались здесь вспомнить."
book-10,false,Запрещённая история,200,0,,zapreschennaya-istoriya-230-B.jpg,978-5-91898-028-2,,"Книга ""Запрещённая история"" входит в серию ""В поисках сокровенного"" и вместе с ""Украденной историей"" автора является продолжением книги ""Рус...","Книга ""Запрещённая история"" входит в серию ""В поисках сокровенного"" и вместе с ""Украденной историей"" автора является продолжением книги ""Русь борейская"". В ней предпринята попытка объяснить, как высокоразвитая цивилизация, существовавшая на Земле по нынешним историческим меркам не так уж давно, следы которой тщательно уничтожаются и изымаются, была опущена на современный уровень. В книге дана общая панорама событий в недавней истории нашей планеты, которая не вписывается в классическую хронологию России. Проведённое расследование и сопоставление ""исторических документов"" выявило 100% фальсификацию русской истории. А на основе эпосов различных народов осуществлена попытка воссоздания хронологии трагических событий, которые пришлось пережить Русскому народу. Второе издание книги ""Запрещённая история"" существенно расширено и переработано."
book-11,true,Званиеслов. Имена-обереги,750,0,,Званиеслов2.jpg,978-5-91898-022-4,рекомендованные-для-учащихся-шж;русская-волшебная-культура,"Работа посвящена древлеправославной системе определения имён богов, необходимых для имени и звания человека. Славя русских богов, которые вх...","Работа посвящена древлеправославной системе определения имён богов, необходимых для имени и звания человека. Славя русских богов, которые входят в имя человека, верный древлеправославию получает не только душевную и духовную пищу, но и божественную судьбу. Только с помощью своих вычисленных божественных имён можно творить чудеса и обретать чудесные способности (сиддхи) и, в конце концов, как и наши предки, стать богом. В книге рассказано о ритуалах имянаречения и способах вызволения души умершего человека обратно в эту жизнь. Без божественных имён, человек не получает на том свете духовного питания (а другого питания там просто нет), потому что католические имена мучеников никто не славит. Поэтому, чтобы душа не умерла с голоду, она вынуждена воплощаться в кого попало, даже в животных и птиц, что для неё тоже означает в итоге гибель."
book-12,false,Именослов и Званиеслов,0,0,,imenoslov-i-zvanieslov-149-B.jpg,,,Именослов и Званиеслов,Именослов и Званиеслов
book-13,false,Именослов Имена - обереги,0,0,,imenoslov-imena-oberegi-136-B.jpg,,,"Работа посвящена древней системе определения имен, задающих человеку&nbsp; божественную судьбу и божественные возможности. Это дальнейшее ра...","Работа посвящена древней системе определения имен, задающих человеку&nbsp; божественную судьбу и божественные возможности. Это дальнейшее развитие темы ""Обереги"". Помимо практики определения и присвоения имени, рассказано о ритуалах имянаречения и способах воплощения души умершего человека в новорожденных его Рода, применяемых хранителями нашей древней веры."
book-14,true,Инструкция (дополнение к книге - Званиеслов. Имена-Обереги)новая обл.,750,0,,Инструкция-по-опр-имён-Электрон-web.jpg,978-5-91898-027-9,рекомендованные-для-учащихся-шж;русская-волшебная-культура,"Работа посвящена древлеправославной системе определения имён богов, необходимых для имени и звания человека. Славя русских богов, которые вх...","Работа посвящена древлеправославной системе определения имён богов, необходимых для имени и звания человека. Славя русских богов, которые входят в имя человека, верный древлеправославию получает не только душевную и духовную пищу, но и божественную судьбу. Только с помощью своих вычисленных божественных имён можно творить чудеса и обретать чудесные способности (сиддхи) и, в конце концов, как и наши предки, стать богом. В книге рассказано о ритуалах имянаречения и способах вызволения души умершего человека обратно в эту жизнь. Без божественных имён, человек не получает на том свете духовного питания (а другого питания там просто нет), потому что католические имена мучеников никто не славит. Поэтому, чтобы душа не умерла с голоду, она вынуждена воплощаться в кого попало, даже в животных и птиц, что для неё тоже означает в итоге гибель.Книга снабжена таблицами и схемами для определения древлеправославных имён, в дополнение к книге ""Званиеслов""."
book-15,true,Искры,700,0,,iskri.jpg,978-5-918-98-024-9,,Первая телепатическая книга,Первая телепатическая книга
book-16,true,Как Нам Вернуть Рай,900,0,,kak-nam-vernut-rai-138-B.jpg,978-5-902444-05-5,рекомендованные-для-учащихся-шж;в-поисках-сокровенного,"Исправленное и дополненное издание! Настоящий сборник исследований посвящен описанию достижений древних цивилизаций, причин их гибели и путе...","Исправленное и дополненное издание! Настоящий сборник исследований посвящен описанию достижений древних цивилизаций, причин их гибели и путей возвращения Человечества обратно к своему прежнему могуществу. Он состоит из трех частей.&nbsp; Первая- ""Наши Предки""- выходит существенно дополненной новыми материалами. Вторая часть, вошедшая в этот сборник, ""Истоки лунного культа"", также переработана, исправлена и дополнена новой информацией. В третьей части ""Возвращения Рая на Землю"" сконцентрированы материалы исследований о том , что необходимо сделать, чтобы вернуть на Землю утраченный Рай."
book-17,true,Как родить Бога,700,0,,kak-rodit-boga-130-B.jpg,978-5-902-444-04-6,в-поисках-сокровенного,"Новое и дополненное издание! Книга посвящена древнерусским традициям, вырванным с корнем из современной культуры. Сегодня молодые люди уже н...","Новое и дополненное издание! Книга посвящена древнерусским традициям, вырванным с корнем из современной культуры. Сегодня молодые люди уже не знают ни как выбрать себе спутника или спутницу жизни, ни как правильно зачать, рожать и воспитывать детей, ни как нужно вести себя в семье, чтобы она была источником эволюции, а не источником разрушения здоровья и психики. Даже не знают, как правильно совершать акт соития, превратив последний в разновидность развлечения. Несмотря на огромное количество книг, посвящённых этим вопросам, реальная информация, раскрывающая, хотя бы частично, поднятые темы, в них отсутствует. Эта книга в какой-то степени позволит устранить этот пробел."
book-18,true,Как стать сыроедом,700,0,,kak-stat-syroedom-142-B.jpg,,в-поисках-сокровенного,"Книга предназначена для сыроедов со стажем и для тех, кто хочет безболезненно перейти на сыроедение. Приведены характерные ошибки при сыроед...","Книга предназначена для сыроедов со стажем и для тех, кто хочет безболезненно перейти на сыроедение. Приведены характерные ошибки при сыроедении, дано примерное меню с рецептами сыроедческих блюд для переходного периода."
book-19,true,Календарь Жреца,1500,0,,calendar_jrec.jpg,,русская-волшебная-культура,"Календарь Жреца входит в серию Волшебная Русская Культура и является пособием по определению времени изготовления вещей, которое делает их ч...","Календарь Жреца входит в серию Волшебная Русская Культура и является пособием по определению времени изготовления вещей, которое делает их чудесными и придаёт волшебные свойства. Предназначена для слушателей Школы Жрецов."
book-20,true,Когда люди были Богами,700,0,,kogda-lyudi-byli-bogami-147-B.jpg,978-5-93897-004-5,в-поисках-сокровенного,"Используя мифологию и научные данные, автор доказывает одно из утверждений Вед,что предшествующие цивилизации, по своему развитию находились...","Используя мифологию и научные данные, автор доказывает одно из утверждений Вед,что предшествующие цивилизации, по своему развитию находились на уровне Повелителей Вселенных, и мы являемся их потомками. Эта книга интересна для всех, кто пытается познать правду о происхождении людей и реальную историю нашей цивилизации."
book-21,true,Культ Предков,700,0,,kylt-predkov-800x800.jpg,978-5-93897-002-1,в-поисках-сокровенного,"Автор обосновывает реальность того света не только с позиции субъективных переживаний очевидцев, но и с точки зрения физики. Приводя примеры...","Автор обосновывает реальность того света не только с позиции субъективных переживаний очевидцев, но и с точки зрения физики. Приводя примеры материальных проявлений потустороннего мира, а также условий, при которых&nbsp;становятся возможны переходы в иные миры, он доказывает, что наши предки могли путешествовать по параллельным пространствам."
book-22,true,Метрики,700,0,,metriki-145-B.jpg,978-5-90244-402-2,в-поисках-сокровенного,"Метрика- ваш личный документ, позволяющий Вам построить свою дальнейшую жизнь в соответствии с гармонией, заложенной в природе.Наши мудрые п...","Метрика- ваш личный документ, позволяющий Вам построить свою дальнейшую жизнь в соответствии с гармонией, заложенной в природе.Наши мудрые предки исповедовали Веды, которые вели человека по пути мер своего имени, т.е. по стезе имени бога, с которым человек был тезка."
book-23,true,Нообиоценоз Касание Сварога,1000,0,,noobiotsenoz-kasanie-svaroga-129-B.jpg,978-5-918-980-057,в-поисках-сокровенного;рекомендованные-для-учащихся-шж,"Эта книга посвящена древнерусским ритуалам и обрядам, замененными сегодня на католическую бутафорию.","Эта книга посвящена древнерусским ритуалам и обрядам, замененными сегодня на католическую бутафорию."
book-24,true,Обереги,1500,0,,oberegi-134-B.jpg,978-5-90244-406-3,в-поисках-сокровенного;рекомендованные-для-учащихся-шж,"Книга посвящена древнерусским традициям, вырванным с корнем из культуры землян.","Книга посвящена древнерусским традициям, вырванным с корнем из культуры землян."
book-25,true,Омоложение. Превращение стариков в юношей,1000,0,,omolozhenie-prevraschenie-starikov-v-yunoshei-235-B.jpg,978-5-91898-009-5,,Книга предназначена для всех желающих омолодиться и оставаться всегда молодым.,Книга предназначена для всех желающих омолодиться и оставаться всегда молодым.
book-26,true,Основы целительства Русского жречества,700,0,,basics_of_Jrecestvo.jpg,,русская-волшебная-культура,"В этой книге изложены основы целительства Русского жречества. Книга рассчитана на читателей, познакомившихся с работами автора из серии ""В п...","В этой книге изложены основы целительства Русского жречества. Книга рассчитана на читателей, познакомившихся с работами автора из серии ""В поисках Сокровенного"" и слушателей Школы Жрецов. В книге представлена информация об истинных причинах болезней человека и способов их устранения. В отличие от современной медицины, Русская жреческая традиция не борется с симптомами болезни, а устраняет причины этих симптомов."
book-27,true,Поводырь,500,0,,povodyr.jpg,978-5-91898-009-5,в-поисках-сокровенного,Владимир Шемшук известен нам как иследователь древней русской культуры и пропагандист Священных Рощ. Однако читателю будет интересно узнать ...,"Владимир Шемшук известен нам как иследователь древней русской культуры и пропагандист Священных Рощ. Однако читателю будет интересно узнать его и со стороны писателя, работающего в жанре короткого рассказа. Его наблюдения сегодняшней жизни точны и выпуклы. Но это не просто констатация увиденного, это еще и филосовское осмысление происходящего. В нашем обществе делается все, чтобы никто не замечал, как люди мучаются от боли, которую испытывают не только взрослые, но и дети. И нельзя допустить, чтобы равнодушие и черствость стали основой общества. Главный вывод, следующий из его рассказов, что нам нельзя в это трудное время ни победить, ни выстоять без правды жизни.&nbsp;"
book-28,true,Пособие для жрецов и кудесников,1500,0,,posobie-dlya-zhretsov-i-kudesnikov-234-B.jpg,978-5-91898-038-5,рекомендованные-для-учащихся-шж,"В этой работе изложены основы&nbsp; древлеправославной веры , покоящейся на чудесных дисциплинах&nbsp; русской волшебной культуры . Книга ра...","В этой работе изложены основы&nbsp; древлеправославной веры , покоящейся на чудесных дисциплинах&nbsp; русской волшебной культуры . Книга рассчитана на читателей, познакомившихся с работами автора из серии "" В поисках сокровенног о""."
book-29,true,Путь в Общину,800,0,,Путь_в_общину.jpg,978-5-91898-012-5,в-поисках-сокровенного,"В книге рассмотрены условия жизненности общин, дан исторический анализ и прогноз их развития. Община-это тот социальный инструмент, который ...","В книге рассмотрены условия жизненности общин, дан исторический анализ и прогноз их развития. Община-это тот социальный инструмент, который может вернуть человеку его прежнее могущество и совершенство."
book-30,true,Русь Борейская,1000,0,,rus-boreiskaya-141-B.jpg,5-93897-007-5,рекомендованные-для-учащихся-шж,"Книга ""Русь борейская""&nbsp;входит в серию ""В поисках сокровенного"". В ней осуществлена попытка воссоздания развёрнутой панорамы непроявленн...","Книга ""Русь борейская""&nbsp;входит в серию ""В поисках сокровенного"". В ней осуществлена попытка воссоздания развёрнутой панорамы непроявленных событий в истории России и вскрыты причины волшебности русской культуры."
book-31,true,Славы русским Богам,700,0,,slavy-russkim-bogam-148-B.jpg,978-5-88917-003-7,рекомендованные-для-учащихся-шж;в-поисках-сокровенного,В этой книге представлены читателю в стихотворной форме Славы русским Богам.,В этой книге представлены читателю в стихотворной форме Славы русским Богам.
book-32,true,Словарь терминов по Русской волшебной культуре,1500,0,,dictionary_of_culture.jpg,,русская-волшебная-культура,"В словаре рассмотрены значения как обычных, но имевших совсем иное значение, так и исчезнувших слов, характеризовавших волшебность древлепра...","В словаре рассмотрены значения как обычных, но имевших совсем иное значение, так и исчезнувших слов, характеризовавших волшебность древлеправославной русской культуры.&nbsp;Предназначена для слушателей Школы Жрецов."
book-33,true,Солнце-и праноедение,800,0,,sun.jpg,978-5-91898-037-8,в-поисках-сокровенного,"Книга предназначена для всех, кто рискует оказаться на самом дне жизни: для бизнесменов, банкиров, предпринимателей, директоров фирм и завод...","Книга предназначена для всех, кто рискует оказаться на самом дне жизни: для бизнесменов, банкиров, предпринимателей, директоров фирм и заводов, крупных и не очень крупных чиновников, политиков, знаменитостей, фермеров, должников, набравших кредитов в банках, просто людей не подозревающих, о своём будущем крахе, для всех тех, кто рискует оказаться в ситуации, когда в течение&nbsp;года, а может быть и нескольких лет, будет всем нечего есть. Предчувствуя такой вариант событий (а он происходит у каждого человека с железной необходимостью), нужно заблаговременно подготовиться к этим испытаниям. Чтобы с честью их пройти, нужно научить организм прано- и солнцеедению. Правильный переход на солнце и праноеедение позволит человеку сохранять жизнь и здоровье&nbsp;и дожить до благополучных дней, когда снова появятся условия для нормальной жизни.В этой книге изложены условия безболезненного перехода на многолетнее существование человека без воды и еды."
book-34,false,Старинное описание цивилизаций Солнечной системы,80,0,,default-cover.svg,,,"С главы книги Карышевой И.А. ""Сущность жизни"", изданной в С.Петербурге в 1897 году мы начинаем печатать письменные источники по русской волш...","С главы книги Карышевой И.А. ""Сущность жизни"", изданной в С.Петербурге в 1897 году мы начинаем печатать письменные источники по русской волшебной культуре. В этой книге в какой то степени можно увидеть, как Человечество опускалось от уровня Повелителей Вселенных, до современного животного уровня.&nbsp;"
book-35,true,Сыроедение - путь к бессмертию,800,0,,syroedenie-put-k-bessmertiyu-133-B.jpg,978-5-91898-001-9,в-поисках-сокровенного,"В книге рассказано о фантастических результатах сыроедения, раскрыты механизмы, объясняющие&nbsp;феномены поразительного оздоровления и изле...","В книге рассказано о фантастических результатах сыроедения, раскрыты механизмы, объясняющие&nbsp;феномены поразительного оздоровления и излечения от всевозможных неизлечимых болезней. Приведены случаи омоложения глубоких стариков с превращением их в молодых людей и даже юношей."
book-36,true,Теория и практика Священных Рощ,1000,0,,Теория-и-практика2.jpg,978-5-91898-004-0,русская-волшебная-культура,"Настоящее исследование проясняет влияние&nbsp; Священных Рощ на экологию, биосферу и общество.","Настоящее исследование проясняет влияние&nbsp; Священных Рощ на экологию, биосферу и общество."
book-37,true,Украденная история,1000,0,Переиздание,ukradennaya-istoriya-233-B.jpg,,в-поисках-сокровенного;рекомендованные-для-учащихся-шж,"По заявкам читателей, переиздана и дополнена книга ""Украденная история"".Книга ""Украденная история России, Европы, Азии и Америки"", входит в ...","По заявкам читателей, переиздана и дополнена книга ""Украденная история"".Книга ""Украденная история России, Европы, Азии и Америки"", входит в серию "" В поисках сокровенного"". Она является значительным дополнением книги ""Запрещённой истории России"". В ней представлены портретные сходства королей, канцлеров и президентов стран Европы, Америки и Азии с императорами и руководителями Российской империи из чего делается вывод, что Европа, Азия и Америка до 1913 года входили в состав Российской империи и окончательно выделились в ""самостоятельные"" государства только лишь после Первой мировой войны. Но развал Российской империи на этом не остановился. Он продолжался и после Февральской и Октябрьских революций, после Гражданской и 2-й мировой войны и продолжается до сих пор после так называемых оранжевых революций. Эта книга также о том, почему и как это происходит.&nbsp; Книга написана на основе Доклада ""История преступлений космических кураторов против Человечества и человечности"", подготовленный для членов ""Комиссии Космической Коалиции по планете Земля""."
book-38,true,Хроника великой Руссии,1500,0,,default-cover.svg,978-5-918-98-024-9,рекомендованные-для-учащихся-шж;в-поисках-сокровенного,"Хроника Великой Руссии объединяет ранее вышедшие книги автора ""Запрещенная история"" и ""Украденная история"". В книге приведены новые факты па...","Хроника Великой Руссии объединяет ранее вышедшие книги автора ""Запрещенная история"" и ""Украденная история"". В книге приведены новые факты параллелей с греческой мифологией и историей."
book-39,true,Что может спасти Америку и Европу от неминуемой гибели?,200,0,,what_can_save_us.jpg,,глобальные-задачи-человечества,"Несмотря на то, что взрыв Йеллоустоунского супервулкана уничтожит не только Америку, но и всех людей на Земле, автор рассчитывает на благора...","Несмотря на то, что взрыв Йеллоустоунского супервулкана уничтожит не только Америку, но и всех людей на Земле, автор рассчитывает на благоразумие здоровых сил Человечества и их возможность принять последнюю разумную меру, способную замедлить надвигающуюся, неизбежную катастрофу (которая практически уже началась) и может быть даже спастись, погасив её. В надвигающейся неотвратимой гибели Человечества и Биосферы Земли, лучше хоть что-то попытаться сделать, чем пассивно ждать своего смертельного конца. Кто-то планирует отсидеться в подземных городах, специально выстроенных для случая глобальной катастрофы, но реальность сегодня такова, что спасутся или все, или не спасётся никто."
book-40,true,Эпоха Рая на Земле,1000,0,,epoha-raya-na-zemle-139-B.jpg,5-93897-007-5,рекомендованные-для-учащихся-шж;в-поисках-сокровенного,"Наконец-то свершилось. Прозревшее сердце, погруженное в череду бесконечных рождений и смертей, отчаявшееся найти свой отчий дом, утопающее в...","Наконец-то свершилось. Прозревшее сердце, погруженное в череду бесконечных рождений и смертей, отчаявшееся найти свой отчий дом, утопающее в слезах в веках тьмы и насилия, припало к целебным истокам и древним корням Святой Руси. Книга В.А. Шемшука раскрыла в памяти опыт прошлых моих рождений в мире Прави и Слави: потрясающий мир с невероятными знаниями, превзошедшими самые дерзкие помыслы и фантазии, с загадочной и доселе скрытой культурой. Все катаклизмы, революции, войны, лжепросвещения, разрушения,взлеты и падения цивилизаций были направлены на то, чтобы мы никогда не постигли красоту русско-славянской, ведической культуры, бывшей колыбелью для евразийских народов. Скоро Господь во всех нас возродит память о прошлом, и мы все убедимся в истинностизнаний, поведанных в этой книге.&nbsp;"
book-41,true,Этическое Государство,700,0,,eticheskoe.jpg,978-5-88917-003-7,в-поисках-сокровенного,"Человек не может жить без веры, без четких социальных ориентиров. Этические принципы, вытекающие из народной философии и национальной морали...","Человек не может жить без веры, без четких социальных ориентиров. Этические принципы, вытекающие из народной философии и национальной морали, помогут&nbsp; восстановить веру российского человека, с которой тысячелетиями жило Человечество. Государством должны управлять духовные и высоконравственные люди. Без претворения в жизнь этических норм невозможна эволюция человека и общества.На основе исторического материала и современных представлений автор показал направление эволюции, привел примеры живых социальных конструкций и сделал прогноз будущего развития России."
book-42,true,Чаровное Сыроедение,1000,0,,charovnoe.jpg,,другие-авторы;русская-волшебная-культура,"Автор использует жреческие знания, и на примере сыроедения, исследует культуру Русского волшебного питания. Оказывается, чаровность заложена...","Автор использует жреческие знания, и на примере сыроедения, исследует культуру Русского волшебного питания. Оказывается, чаровность заложена в строении самих растений, что и задаёт соотношение растений между собой в пище человека. Рекомендовано слушателям Школы Жрецов."
book-43,false,Детям в радость,100,0,,detyam-v-radost-188-B.jpg,978-5-90244-013-2,другие-авторы,Детские стихи с рисунками. Посвященные&nbsp;двадцати пяти&nbsp;древлеправославным богам.,Детские стихи с рисунками. Посвященные&nbsp;двадцати пяти&nbsp;древлеправославным богам.
book-44,false,Клич за Русь ведическую,100,0,,klich-za-rus-vedicheskuyu-184-B.jpg,978-5-91898-029-3,другие-авторы,Сегодня на территории практически всех государств мира развернулась явная или скрытая борьба приверженцев национальных устоев и ниспровергат...,"Сегодня на территории практически всех государств мира развернулась явная или скрытая борьба приверженцев национальных устоев и ниспровергателей всего национального в пользу общечеловеческих ценностей. В этой книге показаны различные перипетии больших и малых битв за отстаивание национальной самобытности народов, проживающих в пределах территории Руси Ведической."
book-45,false,Манифестация античеловечности,90,0,,manifestatsiya-antichelovechnosti-178-B.jpg,978-5-91898-032-3,другие-авторы,"Данная книга составлена из эссе, написанных автором на исходе XX века. На это время приходится пик мировозренческого кризиса материалистичес...","Данная книга составлена из эссе, написанных автором на исходе XX века. На это время приходится пик мировозренческого кризиса материалистической цивилизации запада. В представленной работе намечены пути выхода из цивилизованного тупика, в котором оказалось человечество Земли."
book-46,false,Сила духов народов России,90,0,,sila-duhov-narodov-rossii-181-B.jpg,978-5-91898-031-6,наследие-древних-русов;другие-авторы,"В представленной книге автор рассматривает вопросы духовного возрождения народов России и, прежде всего, государствообразующего русского нар...","В представленной книге автор рассматривает вопросы духовного возрождения народов России и, прежде всего, государствообразующего русского народа. Практически весь XX век национальное самосознание русского народа подвергалось жесточайшему угнетению наднациональными силами мирового порядка. Именно поэтому в книге так много внимания уделено рассмотрению вопросов преодоления этой разрушительной тенденции."
book-47,false,Славянский фрактал,90,0,,slavyanskii-fraktal-182-B.jpg,978-5-91898-030-9,другие-авторы;наследие-древних-русов,В представленной работе автор стремится обозначить масштабы разрушения традиционного образа жизни славян. Выделены сильные мирового славянст...,"В представленной работе автор стремится обозначить масштабы разрушения традиционного образа жизни славян. Выделены сильные мирового славянства, что позволяет придать новый импульс тенденции укрепления национального духа славянских народов. Подробное методов уничтожения славянской цивилизации легионерами мировой закулисы призвано&nbsp; активизировать славянских мыслителей на проявление обережной философии в реальной жизни восточных, западных и южных славян."
book-48,false,Торжество биоразума,100,0,,torzhestvo-biorazuma-180-B.jpg,978-5-91898-021-7,другие-авторы,В представленной книге автор рассматривает методологию трансформации сознания и биологической основы человека под влиянием неестейственности...,"В представленной книге автор рассматривает методологию трансформации сознания и биологической основы человека под влиянием неестейственности городской среды обитания, а также актуальные вопросы явления Исхода людей из городов.Автор будет благодарен читателям, которые поделятся своим практическим опытом участия в Исходе. Материалы направлять по электронной почте&nbsp;staretz@mail.ru&nbsp;или&nbsp;camchadal@yahoo.com, Web-site: http:// staretz.narod.ru"
book-49,true,Задачник для Школы Жрецов,700,0,,zadachnik-shj.jpg,,русская-волшебная-культура,"Книга посвящена вопросам, которые надо проработать и домашним заданиям Школы Жрецов","Книга посвящена вопросам, которые надо проработать и домашним заданиям Школы Жрецов"
book-50,true,Плоская Земля и Теория относительности или Почему с нами не контачат инопланетян,700,0,,ploskaya_zemlya.jpg,,в-поисках-сокровенного,"Книга ""Плоская Земля и Теория относительности"" или ""Почему с нами не контачат инопланетяне"" входит в серию ""поисках сокровенного"" и отвечает...","Книга ""Плоская Земля и Теория относительности"" или ""Почему с нами не контачат инопланетяне"" входит в серию ""поисках сокровенного"" и отвечает на вопрос, мучащих многих Землян: ""почему с нами не хотят вступать в контакт иные цивилизации"". Книга посвящена решению вопроса: как Человечеству обрести статус разумности."
book-51,true,Яга Любви (для Жрецов. новая обл.),1500,0,,Обл-Яга-Любви-web.jpg,,вперёд-к-истокам,"Твёрдый переплёт.Используя мифологию и фольклорные данные и старые традиции сохранившейся в русской глубинке, автор предпринял попытку восст...","Твёрдый переплёт.Используя мифологию и фольклорные данные и старые традиции сохранившейся в русской глубинке, автор предпринял попытку восстановить прежнюю форму физиологии половых отношений.Книга рассчитана на физиологов, сексологов, психотерапевтов, психологов и психоаналитиков."
book-52,true,Старинные способы оживления умершего человека,700,0,,starinnie_sposobi.jpg,,русская-волшебная-культура,"Автор собрал и изложил старинные способы оживления умерших людей,&nbsp;позволявшие человеку&nbsp;полностью восстановится после смерти.Книга ...","Автор собрал и изложил старинные способы оживления умерших людей,&nbsp;позволявшие человеку&nbsp;полностью восстановится после смерти.Книга рассчитана на реаниматологов и на всех интересующихся этой проблемой."
book-53,true,История русского жречества,700,0,,istoriya_russkogo_jrechestva.jpg,,русская-волшебная-культура,"В этой работе вкратце изложена история русского жречества, носителей чудесных знаний русской волшебной культуры.Книга относится к серии ""Рус...","В этой работе вкратце изложена история русского жречества, носителей чудесных знаний русской волшебной культуры.Книга относится к серии ""Русская волшебная культура"" и рассчитана на ограниченный круг читателей."
book-54,true,Апокалипсис в XVI веке. Армагедон. Всемирный потоп. Истребление душ в XX,700,0,,apocalypse_v_21.jpg,,в-поисках-сокровенного,"В этой работе вкратце изложена история катастроф, происшедших за последнее время на Земле. Описаны причины их вызвавшие и события на Земле с...","В этой работе вкратце изложена история катастроф, происшедших за последнее время на Земле. Описаны причины их вызвавшие и события на Земле с ними связанные. Книга относится к серии: ""В поисках сокровенного"" и рассчитана на широкий круг думающих читателей."
book-55,true,Божественность в русском языке,700,0,,bojestvennost_v_russkom.jpg,,в-поисках-сокровенного,"В этой работе изложена основа, в чем заключается божественность русского языка и как она проявляется. Книга относится к серии "" В поисках со...","В этой работе изложена основа, в чем заключается божественность русского языка и как она проявляется. Книга относится к серии "" В поисках сокровенного"" и рассчитана на широкий круг думающих читателей."
book-56,true,Битва за Землю,300,0,,bitva_za_zemlu.jpg,,рекомендованные-для-учащихся-шж,На протяжении последних 70 лет правительства ведущих стран мира вынуждены были заниматься сокрытием факта инопланетного присутствия на Земле...,"На протяжении последних 70 лет правительства ведущих стран мира вынуждены были заниматься сокрытием факта инопланетного присутствия на Земле, а самое главное- своих связей с инопланетными цивилизациями, безраздельно контролирующей Человечество уже не одну сотню лет."
book-57,true,Педагогическая рапсодия,700,0,,pedag_rapsody.jpg,,в-поисках-сокровенного,"В этой работе вкратце изложены традиции и принципы образования, обучения, формирования, просвещения, умения и программы в русской древлеправ...","В этой работе вкратце изложены традиции и принципы образования, обучения, формирования, просвещения, умения и программы в русской древлеправославной школе. Книга относится к серии: ""В поисках сокровенного"" и рассчитана на ограниченный круг читателей."
book-58,false,Древлеправославный календарь,1000,0,,drevlepravoslavnyi-kalendar-131-B.jpg,,,"Эта книга посвящена вопросам влияния на человека&nbsp;чисел&nbsp;и временных промежутков, которые определяют его судьбу, удачу, процветание ...","Эта книга посвящена вопросам влияния на человека&nbsp;чисел&nbsp;и временных промежутков, которые определяют его судьбу, удачу, процветание или&nbsp;наоборот.&nbsp;При незнании функций чисел и промежутков, можно так и остаться в поле несчастий, невезения и всевозможных напастей. Всё это было отражено в древлеправославном календаре, в его строении и в праздничных датах, построенного нашими предками на фундаментальной базе функций натурального ряда чисел. В процессе исследования этого календаря вскрываются очень серьёзные пробелы в наших знаниях о русской культуре и истории, которые мы и попытались здесь восполнить."
book-59,true,Зачала Ведической Арифметики,1000,0,,Зачала_ведической2.jpg,,другие-авторы,Зачала Ведической Арифметики,Зачала Ведической Арифметики
book-60,true,Тайна строительства склепов для оживления умерших людей,800,0,,mystery_sklepov.jpg,,в-поисках-сокровенного;новинки,"В этой работе изложены основы, хранения умерших людей для последующего их оживления. Книга относится к серии: ""В поисках сокровенного"" и рас...","В этой работе изложены основы, хранения умерших людей для последующего их оживления. Книга относится к серии: ""В поисках сокровенного"" и рассчитана на широкий круг думающих читателей"
book-61,true,Краткая история религий,1000,0,,short_religion.jpg,,новинки,Самый запутанный и самый табуированный вопрос - это вопрос истории религий и их священных книг. Поскольку все ныне существующие религии имею...,"Самый запутанный и самый табуированный вопрос - это вопрос истории религий и их священных книг. Поскольку все ныне существующие религии имеют один корень происхождения, мы&nbsp; постарались рассмотреть историяю не одной религии, не одной священной книги, а историю всех религий и их священных книг. В качестве примера взята священная книга католиков, христиан, мормонов и протестонтов - Библия"
book-62,true,Наука изучать прекрасное (В.И. Говоров),1500,0,Новинка,govorov_science.jpg,,новинки;другие-авторы,"Цветная, формат А4. &nbsp; Для кого и для чего написана эта книга? Для узкого круга специалистов или для широкого круга читателей? Первым он...","Цветная, формат А4. &nbsp; Для кого и для чего написана эта книга? Для узкого круга специалистов или для широкого круга читателей? Первым она пригодится для написания дисертаций, вторым - покажет образцы совершенного искусства и приобщит&nbsp;их к настоящей культуре. И самое главное, что откроется вашему уму - волшебные свойства Русского Языка, языка Мироздания, науки, культуры и искусства, позволяющие постичь любые тайны окражущего нас Бытия"
book-63,true,Освобождение от рабства. Малоедение и малопитие - это вечная молодость и...,900,0,Новинка,ОсвобождениеОтРабства.jpg,,в-поисках-сокровенного,"Эта книга предназначена для всех, кто хочет избавиться от современных иллюзий и вырваться из рабства захватчиков нашей планеты, в котором ок...","Эта книга предназначена для всех, кто хочет избавиться от современных иллюзий и вырваться из рабства захватчиков нашей планеты, в котором оказалось всё Человечество. Рабство, кое неуклонно ведёт Человека к инволюции, дегенерации, к старению и к смерти. И оно довело нас уже до того, что к нам на планету хотят вселить другую цивилизацию, а всё опущенное Человечество навсегда отправить к праотцам – для чего эту отправку переименовали сегодня в «переход в пятое измерение». Книга будет полезна для бизнесменов, банкиров, директоров фирм и заводов, крупных и не очень крупных чиновников, политиков, знаменитостей, фермеров и для всех тех, кто может принимать решение."
book-64,true,Искусство повитух. Практика рождения гениев,900,0,Новинка,Искусство-повитух-3-оконч.jpg,,в-поисках-сокровенного,"Книга рассчитана на профессиональных повитух, на девушек и женщин решивших стать мамами, вреде абортов, а также на всех думающих людей котор...","Книга рассчитана на профессиональных повитух, на девушек и женщин решивших стать мамами, вреде абортов, а также на всех думающих людей которые могут отличить истину от иллюзий, в таком важном вопросе как рождение гениального или даже Божественного ребёнка. Эта книга является основой жизни свободных людей, поэтому, возможно в ближайшее время, закулиса будет пытаться всячески её запретить"
book-65,true,Последствия апокалипсиса. Происхождение наций и народов,1000,0,Новинка,Обл-Последствия-апокалипсиса-wix.jpg,,в-поисках-сокровенного,"В этой работе вкратце изложены причины появления на земле множества наций и народов и сделана попытка сосчитать количество погибших планет, ...","В этой работе вкратце изложены причины появления на земле множества наций и народов и сделана попытка сосчитать количество погибших планет, их спутников в Солнечной системе в результате происшедшего апокалипсиса. Книга не подлежит широкому распространению и рассчитана на просветлённых думающих людей"
book-66,true,Надежда есть. Мечта сбывается,700,0,Новинка,2025_МечтыСбываются.jpg,,,"В книге изложена информация о параллельных цивилизациях, с которыми мы живём бок о бок на Земле и не подозреваем об ихсуществовании. Да это ...","В книге изложена информация о параллельных цивилизациях, с которыми мы живём бок о бок на Земле и не подозреваем об ихсуществовании. Да это и понятно, нам обрубили корни: мы не знаем свой Род, мы не помним свои прошлые жизни. И поэтому с нами не могут связаться наши предки и сообщить нам важную для нас информацию. Это всё равно что иметь телефон без номера. Ну и кто с нами свяжется тогда и поделится информацией!? Знание о Роде и прошлых жизнях – это номер телефона – это центр приёма информации. Мы до сих пор расхлёбываем последствия апокалипсиса. Здесь приведён комплекс мероприятий, позволяющих упредить наступающую катастрофу. Но это станет возможным только в том случае, если каждый человек нашей планеты активно примет участие в осуществлении мероприятий, описанных в этой работе. Тех нескольких сотен подключившихся людей явно недостаточно для выхода из катастрофического кризиса, который грядёт в ближайшее время. Нужно задействовать всё Человечество, тогда мы спасёмся."
