handle,fieldType,name,visible,plainDescription,categorySlugs,primaryCategorySlug,media,mediaAltText,ribbon,brand,price,strikethroughPrice,baseUnit,baseUnitMeasurement,totalUnits,totalUnitsMeasurement,cost,inventory,preOrderEnabled,preOrderMessage,preOrderLimit,sku,barcode,weight,packageLength,packageWidth,packageHeight,packageUnit,productOptionName1,productOptionType1,productOptionChoices1,productOptionName2,productOptionType2,productOptionChoices2,productOptionName3,productOptionType3,productOptionChoices3,productOptionName4,productOptionType4,productOptionChoices4,productOptionName5,productOptionType5,productOptionChoices5,productOptionName6,productOptionType6,productOptionChoices6,modifierName1,modifierType1,modifierCharLimit1,modifierMandatory1,modifierDescription1,modifierName2,modifierType2,modifierCharLimit2,modifierMandatory2,modifierDescription2,modifierName3,modifierType3,modifierCharLimit3,modifierMandatory3,modifierDescription3,modifierName4,modifierType4,modifierCharLimit4,modifierMandatory4,modifierDescription4,modifierName5,modifierType5,modifierCharLimit5,modifierMandatory5,modifierDescription5,modifierName6,modifierType6,modifierCharLimit6,modifierMandatory6,modifierDescription6,modifierName7,modifierType7,modifierCharLimit7,modifierMandatory7,modifierDescription7,modifierName8,modifierType8,modifierCharLimit8,modifierMandatory8,modifierDescription8,modifierName9,modifierType9,modifierCharLimit9,modifierMandatory9,modifierDescription9,modifierName10,modifierType10,modifierCharLimit10,modifierMandatory10,modifierDescription10
Product_a636e922-3414-4bce-916e-1b5ea337fec7,PRODUCT,Атрибуты Русских Богов,false,"<p>В этой книге Автор описывает атрибуты русских Богов, даты контакта с богами их функций.</p>",,,,,,,80,,,,,,0,IN_STOCK,false,,,978-5-91898-003-3,,,,,,,,,,,,,,,,,,,,,,,,,,,,,,,,,,,,,,,,,,,,,,,,,,,,,,,,,,,,,,,,,,,,,,,,,,
Product_a636e922-3414-4bce-916e-1b5ea337fec7,MEDIA,,,,,,53e401_3535d2b9cd034911afc1f3a91adea004~mv2.jpg,,,,,,,,,,,,,,,,,,,,,,,,,,,,,,,,,,,,,,,,,,,,,,,,,,,,,,,,,,,,,,,,,,,,,,,,,,,,,,,,,,,,,,,,,
Product_7a2d6324-58a7-46ab-b2e8-f70a3e24f718,PRODUCT,Арканы Божественых Событий,false,,,,,,,,0,,,,,,0,OUT_OF_STOCK,false,,,,,,,,,,,,,,,,,,,,,,,,,,,,,,,,,,,,,,,,,,,,,,,,,,,,,,,,,,,,,,,,,,,,,,,,,,,,,
Product_7a2d6324-58a7-46ab-b2e8-f70a3e24f718,MEDIA,,,,,,53e401_d888df9d115a4d2dace7296f679988b6~mv2.jpg,,,,,,,,,,,,,,,,,,,,,,,,,,,,,,,,,,,,,,,,,,,,,,,,,,,,,,,,,,,,,,,,,,,,,,,,,,,,,,,,,,,,,,,,,
Product_e1fdab4f-de4b-4758-9e3f-aeb80b4fac58,PRODUCT,Бабы Яги - Кто Они,true,"<p>Рукописи не горят. Ничто и никогда не исчезает бесследно. Такие мысли сразу приходят на память после прочтения этой книги. Что было, то и будет, русская волшебная культура не умерла и не может умереть, даже если останется только один ее представитель. Не дайте ей исчезнуть, берегите ее, дополняйте утраченным, передавайте другим- в этом залог ее сохранения.Книга посвящена описанию техник достижения чудесных вещей, которые с корнем вырваны и продолжают искореняться из русской волшебной культуры. Но есть надежда, что это лишь начало исследования, если продолжится диалог с настоящими носителями исчезающей культуры.Книга расчитана на всех, кто пытается приблизится к источнику волшебных знаний.&nbsp;&nbsp;</p>",в-поисках-сокровенного;рекомендованные-для-учащихся-шж,,,,,,1500,,,,,,,IN_STOCK,false,,,978-5-91898-002-6,,,,,,,,,,,,,,,,,,,,,,,,,,,,,,,,,,,,,,,,,,,,,,,,,,,,,,,,,,,,,,,,,,,,,,,,,,
Product_e1fdab4f-de4b-4758-9e3f-aeb80b4fac58,MEDIA,,,,,,53e401_94910f4618be4db0afac36246e4168fe~mv2.jpg,,,,,,,,,,,,,,,,,,,,,,,,,,,,,,,,,,,,,,,,,,,,,,,,,,,,,,,,,,,,,,,,,,,,,,,,,,,,,,,,,,,,,,,,,
Product_edb13645-0bb8-4a5e-9086-3a73bdded012,PRODUCT,Волхвы,true,"<p>Все люди по своей природе продолжают оставаться&nbsp;<span style=""font-weight: 700"">богами</span>, хотя и лишены памяти о своих прошлых - божественных воплощениях. Их высокие достижения были обусловлены нашей древней религией - православием и нашей древней верой - правоверием, канувшим в Лету, как и все былое могущество наших предков. О них и пойдет речь в предлагаемой работе.</p>",в-поисках-сокровенного;рекомендованные-для-учащихся-шж,,,,,,800,,,,,,,IN_STOCK,false,,,978-59024-4405-5,,,,,,,,,,,,,,,,,,,,,,,,,,,,,,,,,,,,,,,,,,,,,,,,,,,,,,,,,,,,,,,,,,,,,,,,,,
Product_edb13645-0bb8-4a5e-9086-3a73bdded012,MEDIA,,,,,,53e401_93baa23a634a4221820bf78219a0a0b8~mv2.jpg,,,,,,,,,,,,,,,,,,,,,,,,,,,,,,,,,,,,,,,,,,,,,,,,,,,,,,,,,,,,,,,,,,,,,,,,,,,,,,,,,,,,,,,,,
Product_f90fcbe3-83c2-4064-8fa4-dcc30c2d5230,PRODUCT,Вопросы и ответы,false,"<p>Книга ""Вопросы и ответы"" посвящена наиболее часто задаваемым вопросам по ВОКК, сюда же включены отзывы читателей на книги автора серии ""В поисках сокровенного"".</p>",,,,,,,110,,,,,,0,IN_STOCK,false,,,,,,,,,,,,,,,,,,,,,,,,,,,,,,,,,,,,,,,,,,,,,,,,,,,,,,,,,,,,,,,,,,,,,,,,,,,,,
Product_f90fcbe3-83c2-4064-8fa4-dcc30c2d5230,MEDIA,,,,,,53e401_8b5018934bc5412cbb8442eb14852cfb~mv2.jpg,,,,,,,,,,,,,,,,,,,,,,,,,,,,,,,,,,,,,,,,,,,,,,,,,,,,,,,,,,,,,,,,,,,,,,,,,,,,,,,,,,,,,,,,,
Product_7ea93617-ebfa-445c-a054-23e1ea57a6ac,PRODUCT,Встреча с Кощеем Бессмертным,true,"<p>Сегодня конечность человеческой жизни воспринимается нами как естественное, само собой разумеющееся явление. Но заложена ли смерть во внутренней биологической природе человека? Предлагаемая работа доказывает, что убеждение большинства людей в невозможности физического бессмертия есть не что иное, как исторически сложившаяся догма, родственная в уверенности в том, что ""камни с неба падать не могут, потому, что их там нет"". Физическое бессмертие индивида возможно, считает автор этой книги и лишь упорство человеческого невежества мешает людям признать эту истину.</p>",в-поисках-сокровенного,,,,,,700,,,,,,,IN_STOCK,false,,,978-5-93897-010-5,,,,,,,,,,,,,,,,,,,,,,,,,,,,,,,,,,,,,,,,,,,,,,,,,,,,,,,,,,,,,,,,,,,,,,,,,,
Product_7ea93617-ebfa-445c-a054-23e1ea57a6ac,MEDIA,,,,,,53e401_922e374c20aa451a80e8f8ccbeb2f2bb~mv2.jpg,,,,,,,,,,,,,,,,,,,,,,,,,,,,,,,,,,,,,,,,,,,,,,,,,,,,,,,,,,,,,,,,,,,,,,,,,,,,,,,,,,,,,,,,,
Product_3cab13f5-8dc5-4008-8a86-075d23183f65,PRODUCT,Диалог Земля-Космос,true,"<p><span style=""font-weight: 700"">Новое и дополненное издание!</span></p><p>В этой книге сделана попытка ответить на вопросы, почему на земле не прекращаются войны и кризисы, почему с каждым годом, несмотря на рост производства, не происходит улучшение положения людей, а наоборот, ухудшение. Почему преследуются изобретатели эпохальных открытий, ученые, открывшие новые явления и руководители филосовских школ, реально помогающие людям устроить свою жизнь. Кто стоит за переписыванием истории и уничтожением потрясающих, выходящих из ряда вон, археологических находок. Почему так упорно нам продолжают делать прививки в детском возрасте, хотя уже давно доказана их смертельная опасность? Кто придумывает образовательные реформы, которые от столетия к столетию ведут к дебилизации населения. Куда уходят добываемые ресурсы планеты, из которых только 5% идет на нужды Человечества, а 95% канут в неизвестности. Эта книга позволяет ответить на вопросы: кто является настоящим хозяином нашей планеты, и почему&nbsp; все благие начинания людей и политиков заканчиваются крахом, а жизнь на&nbsp;Земле как ни улучшалась, так и не улучшается.&nbsp;</p>",рекомендованные-для-учащихся-шж;в-поисках-сокровенного,,,,,,1000,,,,,,,IN_STOCK,false,,,978-5-902-444-03-9,,,,,,,,,,,,,,,,,,,,,,,,,,,,,,,,,,,,,,,,,,,,,,,,,,,,,,,,,,,,,,,,,,,,,,,,,,
Product_3cab13f5-8dc5-4008-8a86-075d23183f65,MEDIA,,,,,,53e401_939794e3a42442cba59333d3cfb83cb9~mv2.jpg,,,,,,,,,,,,,,,,,,,,,,,,,,,,,,,,,,,,,,,,,,,,,,,,,,,,,,,,,,,,,,,,,,,,,,,,,,,,,,,,,,,,,,,,,
Product_407c513d-c366-4c9b-a752-e5466df0e042,PRODUCT,Древлеправославная цивилизация,true,"<p>В этой книге изложены главные традиции древлеправославной цивилизации, собранные&nbsp;из различных источников, и частично изложенные&nbsp;автором из его работ из серии ""В поисках сокровенного"". и серии ""Русская Волшебная Культура"". Поэтому книга принадлежит одновременно двум сериям&nbsp;и рассчитана на широкий круг читателей.</p>",русская-волшебная-культура;рекомендованные-для-учащихся-шж,,,,,,800,,,,,,,IN_STOCK,false,,,976-5-91898-001-1,,,,,,,,,,,,,,,,,,,,,,,,,,,,,,,,,,,,,,,,,,,,,,,,,,,,,,,,,,,,,,,,,,,,,,,,,,
Product_407c513d-c366-4c9b-a752-e5466df0e042,MEDIA,,,,,,53e401_c7ca948379ad4b5685983add4bd8f516~mv2_d_1200_1200_s_2.jpg,,,,,,,,,,,,,,,,,,,,,,,,,,,,,,,,,,,,,,,,,,,,,,,,,,,,,,,,,,,,,,,,,,,,,,,,,,,,,,,,,,,,,,,,,
Product_b5419e3e-89e5-4e31-8979-a93c70b3a2dd,PRODUCT,Древлеправославный Календарь и пробелы в русской истории,false,"<p>Эта книга посвящена вопросам влияния на человека, чисел и временных промежутков, которые определяют его судъбу, удачу, процветание или, наоборот, при незнании функций чисел и временных промежутков, можно так и остаться в поле несчастий, невезения и всевожможных напастей. Все это было отражено в древлеправославном календаре, в его строении и в праздничных датах, построенного нашими предками на фундаментальной базе функций натурального ряда чисел. В процессе исследования этого календаря вскрываются очень серьездные пробелы в наших знаниях о русской культуре и истории, которые мы и попытались здесь вспомнить.</p>",рекомендованные-для-учащихся-шж;в-поисках-сокровенного,,,,,,250,,,,,,0,IN_STOCK,false,,,978-6-91898-040-8,,,,,,,,,,,,,,,,,,,,,,,,,,,,,,,,,,,,,,,,,,,,,,,,,,,,,,,,,,,,,,,,,,,,,,,,,,
Product_b5419e3e-89e5-4e31-8979-a93c70b3a2dd,MEDIA,,,,,,53e401_8e5d2c7dbf3849738eec209a1be55b49~mv2.jpg,,,,,,,,,,,,,,,,,,,,,,,,,,,,,,,,,,,,,,,,,,,,,,,,,,,,,,,,,,,,,,,,,,,,,,,,,,,,,,,,,,,,,,,,,
Product_b5628427-cd9a-40a2-ae3c-47db1a2e9c82,PRODUCT,Запрещённая история,false,"<p>Книга ""Запрещённая история"" входит в серию ""В поисках сокровенного"" и вместе с ""Украденной историей"" автора является продолжением книги ""Русь борейская"". В ней предпринята попытка объяснить, как высокоразвитая цивилизация, существовавшая на Земле по нынешним историческим меркам не так уж давно, следы которой тщательно уничтожаются и изымаются, была опущена на современный уровень. В книге дана общая панорама событий в недавней истории нашей планеты, которая не вписывается в классическую хронологию России. Проведённое расследование и сопоставление ""исторических документов"" выявило 100% фальсификацию русской истории. А на основе эпосов различных народов осуществлена попытка воссоздания хронологии трагических событий, которые пришлось пережить Русскому народу. Второе издание книги ""Запрещённая история"" существенно расширено и переработано.</p>",,,,,,,200,,,,,,0,IN_STOCK,false,,,978-5-91898-028-2,,,,,,,,,,,,,,,,,,,,,,,,,,,,,,,,,,,,,,,,,,,,,,,,,,,,,,,,,,,,,,,,,,,,,,,,,,
Product_b5628427-cd9a-40a2-ae3c-47db1a2e9c82,MEDIA,,,,,,53e401_fbde9ba86db045908ce7ed427d1b85c8~mv2.jpg,,,,,,,,,,,,,,,,,,,,,,,,,,,,,,,,,,,,,,,,,,,,,,,,,,,,,,,,,,,,,,,,,,,,,,,,,,,,,,,,,,,,,,,,,
Product_e69e29ae-77ed-4018-a83d-a80a485e4066,PRODUCT,Званиеслов. Имена-обереги,true,"<p>Работа посвящена древлеправославной системе определения имён богов, необходимых для имени и звания человека. Славя русских богов, которые входят в имя человека, верный древлеправославию получает не только душевную и духовную пищу, но и божественную судьбу. Только с помощью своих вычисленных божественных имён можно творить чудеса и обретать чудесные способности (сиддхи) и, в конце концов, как и наши предки, стать богом. В книге рассказано о ритуалах имянаречения и способах вызволения души умершего человека обратно в эту жизнь. Без божественных имён, человек не получает на том свете духовного питания (а другого питания там просто нет), потому что католические имена мучеников никто не славит. Поэтому, чтобы душа не умерла с голоду, она вынуждена воплощаться в кого попало, даже в животных и птиц, что для неё тоже означает в итоге гибель.</p>",рекомендованные-для-учащихся-шж;русская-волшебная-культура,,,,,,750,,,,,,,IN_STOCK,false,,,978-5-91898-022-4,,,,,,,,,,,,,,,,,,,,,,,,,,,,,,,,,,,,,,,,,,,,,,,,,,,,,,,,,,,,,,,,,,,,,,,,,,
Product_e69e29ae-77ed-4018-a83d-a80a485e4066,MEDIA,,,,,,c6fba9_e4ccf50240b840e8a94812c10d845b2e~mv2.jpg,,,,,,,,,,,,,,,,,,,,,,,,,,,,,,,,,,,,,,,,,,,,,,,,,,,,,,,,,,,,,,,,,,,,,,,,,,,,,,,,,,,,,,,,,
Product_5d37d28c-037c-4a47-8143-e0cacd6fa9a6,PRODUCT,Именослов и Званиеслов,false,,,,,,,,0,,,,,,0,OUT_OF_STOCK,false,,,,,,,,,,,,,,,,,,,,,,,,,,,,,,,,,,,,,,,,,,,,,,,,,,,,,,,,,,,,,,,,,,,,,,,,,,,,,
Product_5d37d28c-037c-4a47-8143-e0cacd6fa9a6,MEDIA,,,,,,53e401_0c02ae525d2f447fb69c7b5e0e6fabe7~mv2.jpg,,,,,,,,,,,,,,,,,,,,,,,,,,,,,,,,,,,,,,,,,,,,,,,,,,,,,,,,,,,,,,,,,,,,,,,,,,,,,,,,,,,,,,,,,
Product_fe29a4b3-0eb2-4b9a-936d-806550d055ce,PRODUCT,Именослов Имена - обереги,false,"<p>Работа посвящена древней системе определения имен, задающих человеку&nbsp; божественную судьбу и божественные возможности. Это дальнейшее развитие темы ""Обереги"". Помимо практики определения и присвоения имени, рассказано о ритуалах имянаречения и способах воплощения души умершего человека в новорожденных его Рода, применяемых хранителями нашей древней веры.</p>",,,,,,,0,,,,,,0,OUT_OF_STOCK,false,,,,,,,,,,,,,,,,,,,,,,,,,,,,,,,,,,,,,,,,,,,,,,,,,,,,,,,,,,,,,,,,,,,,,,,,,,,,,
Product_fe29a4b3-0eb2-4b9a-936d-806550d055ce,MEDIA,,,,,,53e401_0a1ab4e1153c4b7bb9178b1205484c53~mv2.jpg,,,,,,,,,,,,,,,,,,,,,,,,,,,,,,,,,,,,,,,,,,,,,,,,,,,,,,,,,,,,,,,,,,,,,,,,,,,,,,,,,,,,,,,,,
Product_c3e48b2d-67f0-4763-a714-3a56f7531608,PRODUCT,Инструкция (дополнение к книге - Званиеслов. Имена-Обереги)новая обл.,true,"<p>Работа посвящена древлеправославной системе определения имён богов, необходимых для имени и звания человека. Славя русских богов, которые входят в имя человека, верный древлеправославию получает не только душевную и духовную пищу, но и божественную судьбу. Только с помощью своих вычисленных божественных имён можно творить чудеса и обретать чудесные способности (сиддхи) и, в конце концов, как и наши предки, стать богом. В книге рассказано о ритуалах имянаречения и способах вызволения души умершего человека обратно в эту жизнь. Без божественных имён, человек не получает на том свете духовного питания (а другого питания там просто нет), потому что католические имена мучеников никто не славит. Поэтому, чтобы душа не умерла с голоду, она вынуждена воплощаться в кого попало, даже в животных и птиц, что для неё тоже означает в итоге гибель.Книга снабжена таблицами и схемами для определения древлеправославных имён, в дополнение к книге ""Званиеслов"".</p>",рекомендованные-для-учащихся-шж;русская-волшебная-культура,,,,,,750,,,,,,,IN_STOCK,false,,,978-5-91898-027-9,,,,,,,,,,,,,,,,,,,,,,,,,,,,,,,,,,,,,,,,,,,,,,,,,,,,,,,,,,,,,,,,,,,,,,,,,,
Product_c3e48b2d-67f0-4763-a714-3a56f7531608,MEDIA,,,,,,be0332_2cff63b0d08d4571a0c13da085bb1e3f~mv2.jpg,,,,,,,,,,,,,,,,,,,,,,,,,,,,,,,,,,,,,,,,,,,,,,,,,,,,,,,,,,,,,,,,,,,,,,,,,,,,,,,,,,,,,,,,,
Product_04f39d9c-4cc5-4d41-bb52-ec998a871398,PRODUCT,Искры,true,<p>Первая телепатическая книга</p>,,,,,,,700,,,,,,,IN_STOCK,false,,,978-5-918-98-024-9,,,,,,,,,,,,,,,,,,,,,,,,,,,,,,,,,,,,,,,,,,,,,,,,,,,,,,,,,,,,,,,,,,,,,,,,,,
Product_04f39d9c-4cc5-4d41-bb52-ec998a871398,MEDIA,,,,,,53e401_fe6f19a49b82460fae5c4d40426af49e~mv2_d_1200_1200_s_2.jpg,,,,,,,,,,,,,,,,,,,,,,,,,,,,,,,,,,,,,,,,,,,,,,,,,,,,,,,,,,,,,,,,,,,,,,,,,,,,,,,,,,,,,,,,,
Product_233a06c3-a820-4956-81aa-a860eaff4189,PRODUCT,Как Нам Вернуть Рай,true,"<p><span style=""font-weight: 700"">Исправленное и дополненное издание!</span></p><p>Настоящий сборник исследований посвящен описанию достижений древних цивилизаций, причин их гибели и путей возвращения Человечества обратно к своему прежнему могуществу. Он состоит из трех частей.&nbsp; Первая- ""Наши Предки""- выходит существенно дополненной новыми материалами. Вторая часть, вошедшая в этот сборник, ""Истоки лунного культа"", также переработана, исправлена и дополнена новой информацией. В третьей части ""Возвращения Рая на Землю"" сконцентрированы материалы исследований о том , что необходимо сделать, чтобы вернуть на Землю утраченный Рай.</p>",рекомендованные-для-учащихся-шж;в-поисках-сокровенного,,,,,,900,,,,,,,IN_STOCK,false,,,978-5-902444-05-5,,,,,,,,,,,,,,,,,,,,,,,,,,,,,,,,,,,,,,,,,,,,,,,,,,,,,,,,,,,,,,,,,,,,,,,,,,
Product_233a06c3-a820-4956-81aa-a860eaff4189,MEDIA,,,,,,53e401_d07d1cf310f642b9b67f7c7111c83168~mv2.jpg,,,,,,,,,,,,,,,,,,,,,,,,,,,,,,,,,,,,,,,,,,,,,,,,,,,,,,,,,,,,,,,,,,,,,,,,,,,,,,,,,,,,,,,,,
Product_828c4885-136e-4c2e-8789-ef4ec274732c,PRODUCT,Как родить Бога,true,"<p><span style=""font-weight: 700"">Новое и дополненное издание!</span>Книга посвящена древнерусским традициям, вырванным с корнем из современной культуры. Сегодня молодые люди уже не знают ни как выбрать себе спутника или спутницу жизни, ни как правильно зачать, рожать и воспитывать детей, ни как нужно вести себя в семье, чтобы она была источником эволюции, а не источником разрушения здоровья и психики. Даже не знают, как правильно совершать акт соития, превратив последний в разновидность развлечения. Несмотря на огромное количество книг, посвящённых этим вопросам, реальная информация, раскрывающая, хотя бы частично, поднятые темы, в них отсутствует. Эта книга в какой-то степени позволит устранить этот пробел.</p>",в-поисках-сокровенного,,,,,,700,,,,,,,IN_STOCK,false,,,978-5-902-444-04-6,,,,,,,,,,,,,,,,,,,,,,,,,,,,,,,,,,,,,,,,,,,,,,,,,,,,,,,,,,,,,,,,,,,,,,,,,,
Product_828c4885-136e-4c2e-8789-ef4ec274732c,MEDIA,,,,,,53e401_7fec71006a7044a2865531b108cc8edd~mv2.jpg,,,,,,,,,,,,,,,,,,,,,,,,,,,,,,,,,,,,,,,,,,,,,,,,,,,,,,,,,,,,,,,,,,,,,,,,,,,,,,,,,,,,,,,,,
Product_75c68583-f0b3-42b3-8d9d-8b5df180be5f,PRODUCT,Как стать сыроедом,true,"<p>Книга предназначена для сыроедов со стажем и для тех, кто хочет безболезненно перейти на сыроедение. Приведены характерные ошибки при сыроедении, дано примерное меню с рецептами сыроедческих блюд для переходного периода.</p>",в-поисках-сокровенного,,,,,,700,,,,,,,IN_STOCK,false,,,,,,,,,,,,,,,,,,,,,,,,,,,,,,,,,,,,,,,,,,,,,,,,,,,,,,,,,,,,,,,,,,,,,,,,,,,,,
Product_75c68583-f0b3-42b3-8d9d-8b5df180be5f,MEDIA,,,,,,53e401_48a0341aac7347f09beec6e5ec6d3fc0~mv2.jpg,,,,,,,,,,,,,,,,,,,,,,,,,,,,,,,,,,,,,,,,,,,,,,,,,,,,,,,,,,,,,,,,,,,,,,,,,,,,,,,,,,,,,,,,,
Product_07df9bb1-77f1-444d-8f79-a598c884d41c,PRODUCT,Календарь Жреца,true,"<p>Календарь Жреца входит в серию Волшебная Русская Культура и является пособием по определению времени изготовления вещей, которое делает их чудесными и придаёт волшебные свойства. Предназначена для слушателей Школы Жрецов.</p>",русская-волшебная-культура,,,,,,1500,,,,,,0,IN_STOCK,false,,,,,,,,,,,,,,,,,,,,,,,,,,,,,,,,,,,,,,,,,,,,,,,,,,,,,,,,,,,,,,,,,,,,,,,,,,,,,
Product_07df9bb1-77f1-444d-8f79-a598c884d41c,MEDIA,,,,,,53e401_69b89b2ad74848b2b4643c8719a5b7af~mv2.jpg,,,,,,,,,,,,,,,,,,,,,,,,,,,,,,,,,,,,,,,,,,,,,,,,,,,,,,,,,,,,,,,,,,,,,,,,,,,,,,,,,,,,,,,,,
Product_c0d0edb1-396b-4af5-9879-965f5047a62b,PRODUCT,Когда люди были Богами,true,"<p>Используя мифологию и научные данные, автор доказывает одно из утверждений Вед,что предшествующие цивилизации, по своему развитию находились на уровне Повелителей Вселенных, и мы являемся их потомками. Эта книга интересна для всех, кто пытается познать правду о происхождении людей и реальную историю нашей цивилизации.</p>",в-поисках-сокровенного,,,,,,700,,,,,,,IN_STOCK,false,,,978-5-93897-004-5,,,,,,,,,,,,,,,,,,,,,,,,,,,,,,,,,,,,,,,,,,,,,,,,,,,,,,,,,,,,,,,,,,,,,,,,,,
Product_c0d0edb1-396b-4af5-9879-965f5047a62b,MEDIA,,,,,,53e401_9be80b84978d45ea9e0105964be439fc~mv2.jpg,,,,,,,,,,,,,,,,,,,,,,,,,,,,,,,,,,,,,,,,,,,,,,,,,,,,,,,,,,,,,,,,,,,,,,,,,,,,,,,,,,,,,,,,,
Product_2faa6267-02ea-4540-9ef6-3ba00ee4c47d,PRODUCT,Культ Предков,true,"<p>Автор обосновывает реальность того света не только с позиции субъективных переживаний очевидцев, но и с точки зрения физики. Приводя примеры материальных проявлений потустороннего мира, а также условий, при которых&nbsp;становятся возможны переходы в иные миры, он доказывает, что наши предки могли путешествовать по параллельным пространствам.</p>",в-поисках-сокровенного,,,,,,700,,,,,,,IN_STOCK,false,,,978-5-93897-002-1,,,,,,,,,,,,,,,,,,,,,,,,,,,,,,,,,,,,,,,,,,,,,,,,,,,,,,,,,,,,,,,,,,,,,,,,,,
Product_2faa6267-02ea-4540-9ef6-3ba00ee4c47d,MEDIA,,,,,,53e401_8388a6272ac84352bc1b394b4e2106e8~mv2.jpg,,,,,,,,,,,,,,,,,,,,,,,,,,,,,,,,,,,,,,,,,,,,,,,,,,,,,,,,,,,,,,,,,,,,,,,,,,,,,,,,,,,,,,,,,
Product_73d77353-93e4-41ef-9561-c8abf3b7def1,PRODUCT,Метрики,true,"<p>Метрика- ваш личный документ, позволяющий Вам построить свою дальнейшую жизнь в соответствии с гармонией, заложенной в природе.Наши мудрые предки исповедовали Веды, которые вели человека по пути мер своего имени, т.е. по стезе имени бога, с которым человек был тезка.</p>",в-поисках-сокровенного,,,,,,700,,,,,,,IN_STOCK,false,,,978-5-90244-402-2,,,,,,,,,,,,,,,,,,,,,,,,,,,,,,,,,,,,,,,,,,,,,,,,,,,,,,,,,,,,,,,,,,,,,,,,,,
Product_73d77353-93e4-41ef-9561-c8abf3b7def1,MEDIA,,,,,,53e401_07ccdf8d93944339bd6aede831694a4a~mv2.jpg,,,,,,,,,,,,,,,,,,,,,,,,,,,,,,,,,,,,,,,,,,,,,,,,,,,,,,,,,,,,,,,,,,,,,,,,,,,,,,,,,,,,,,,,,
Product_f2b0467f-80a2-4d65-9bb8-3946a2b764d5,PRODUCT,Нообиоценоз Касание Сварога,true,"<p>Эта книга посвящена древнерусским ритуалам и обрядам, замененными сегодня на католическую бутафорию.</p>",в-поисках-сокровенного;рекомендованные-для-учащихся-шж,,,,,,1000,,,,,,,IN_STOCK,false,,,978-5-918-980-057,,,,,,,,,,,,,,,,,,,,,,,,,,,,,,,,,,,,,,,,,,,,,,,,,,,,,,,,,,,,,,,,,,,,,,,,,,
Product_f2b0467f-80a2-4d65-9bb8-3946a2b764d5,MEDIA,,,,,,53e401_9b66e93495024396a7fdc6bc664faff2~mv2.jpg,,,,,,,,,,,,,,,,,,,,,,,,,,,,,,,,,,,,,,,,,,,,,,,,,,,,,,,,,,,,,,,,,,,,,,,,,,,,,,,,,,,,,,,,,
Product_46b3bd97-6fb9-40f1-8297-f4ef752c9fe7,PRODUCT,Обереги,true,"<p>Книга посвящена древнерусским традициям, вырванным с корнем из культуры землян.</p>",в-поисках-сокровенного;рекомендованные-для-учащихся-шж,,,,,,1500,,,,,,,IN_STOCK,false,,,978-5-90244-406-3,,,,,,,,,,,,,,,,,,,,,,,,,,,,,,,,,,,,,,,,,,,,,,,,,,,,,,,,,,,,,,,,,,,,,,,,,,
Product_46b3bd97-6fb9-40f1-8297-f4ef752c9fe7,MEDIA,,,,,,53e401_e3e1ec4f001f44bd8f0470718f81fb24~mv2.jpg,,,,,,,,,,,,,,,,,,,,,,,,,,,,,,,,,,,,,,,,,,,,,,,,,,,,,,,,,,,,,,,,,,,,,,,,,,,,,,,,,,,,,,,,,
Product_62b0822b-6219-4b70-9c81-0096e4ff8073,PRODUCT,Омоложение. Превращение стариков в юношей,true,<p>Книга предназначена для всех желающих омолодиться и оставаться всегда молодым.</p>,,,,,,,1000,,,,,,,IN_STOCK,false,,,978-5-91898-009-5,,,,,,,,,,,,,,,,,,,,,,,,,,,,,,,,,,,,,,,,,,,,,,,,,,,,,,,,,,,,,,,,,,,,,,,,,,
Product_62b0822b-6219-4b70-9c81-0096e4ff8073,MEDIA,,,,,,53e401_38cfba3aadb742aeb77860866bb78139~mv2.jpg,,,,,,,,,,,,,,,,,,,,,,,,,,,,,,,,,,,,,,,,,,,,,,,,,,,,,,,,,,,,,,,,,,,,,,,,,,,,,,,,,,,,,,,,,
Product_dbe4fdb0-30d0-4a76-8334-060f1f1c1e13,PRODUCT,Основы целительства Русского жречества,true,"<p>В этой книге изложены основы целительства Русского жречества. Книга рассчитана на читателей, познакомившихся с работами автора из серии ""В поисках Сокровенного"" и слушателей Школы Жрецов. В книге представлена информация об истинных причинах болезней человека и способов их устранения. В отличие от современной медицины, Русская жреческая традиция не борется с симптомами болезни, а устраняет причины этих симптомов.</p>",русская-волшебная-культура,,,,,,700,,,,,,,IN_STOCK,false,,,,,,,,,,,,,,,,,,,,,,,,,,,,,,,,,,,,,,,,,,,,,,,,,,,,,,,,,,,,,,,,,,,,,,,,,,,,,
Product_dbe4fdb0-30d0-4a76-8334-060f1f1c1e13,MEDIA,,,,,,53e401_316fdc2e1d9243d19987cc4db6bec429~mv2.jpg,,,,,,,,,,,,,,,,,,,,,,,,,,,,,,,,,,,,,,,,,,,,,,,,,,,,,,,,,,,,,,,,,,,,,,,,,,,,,,,,,,,,,,,,,
Product_07814e3e-5c90-4254-b83e-f0a49b9749ff,PRODUCT,Поводырь,true,"<p>Владимир Шемшук известен нам как иследователь древней русской культуры и пропагандист Священных Рощ. Однако читателю будет интересно узнать его и со стороны писателя, работающего в жанре короткого рассказа. Его наблюдения сегодняшней жизни точны и выпуклы. Но это не просто констатация увиденного, это еще и филосовское осмысление происходящего. В нашем обществе делается все, чтобы никто не замечал, как люди мучаются от боли, которую испытывают не только взрослые, но и дети. И нельзя допустить, чтобы равнодушие и черствость стали основой общества. Главный вывод, следующий из его рассказов, что нам нельзя в это трудное время ни победить, ни выстоять без правды жизни.&nbsp;</p>",в-поисках-сокровенного,,,,,,500,,,,,,,IN_STOCK,false,,,978-5-91898-009-5,,,,,,,,,,,,,,,,,,,,,,,,,,,,,,,,,,,,,,,,,,,,,,,,,,,,,,,,,,,,,,,,,,,,,,,,,,
Product_07814e3e-5c90-4254-b83e-f0a49b9749ff,MEDIA,,,,,,53e401_6fd8a137adba4936b1c4dfe53ff83177~mv2.jpg,,,,,,,,,,,,,,,,,,,,,,,,,,,,,,,,,,,,,,,,,,,,,,,,,,,,,,,,,,,,,,,,,,,,,,,,,,,,,,,,,,,,,,,,,
Product_8f5aef5e-7da5-464c-ad53-87a50c72de03,PRODUCT,Пособие для жрецов и кудесников,true,"<p>В этой работе изложены основы&nbsp;<span style=""font-weight: 700"">древлеправославной веры</span>, покоящейся на чудесных дисциплинах&nbsp;<span style=""font-weight: 700"">русской волшебной культуры</span>. Книга рассчитана на читателей, познакомившихся с работами автора из серии ""<em>В поисках сокровенног</em>о"".</p>",рекомендованные-для-учащихся-шж,,,,,,1500,,,,,,,IN_STOCK,false,,,978-5-91898-038-5,,,,,,,,,,,,,,,,,,,,,,,,,,,,,,,,,,,,,,,,,,,,,,,,,,,,,,,,,,,,,,,,,,,,,,,,,,
Product_8f5aef5e-7da5-464c-ad53-87a50c72de03,MEDIA,,,,,,53e401_0812520f10eb4284a0e30022535c0a50~mv2.jpg,,,,,,,,,,,,,,,,,,,,,,,,,,,,,,,,,,,,,,,,,,,,,,,,,,,,,,,,,,,,,,,,,,,,,,,,,,,,,,,,,,,,,,,,,
Product_be684130-1ffa-4321-a9b9-6f8e19491326,PRODUCT,Путь в Общину,true,"<p>В книге рассмотрены условия жизненности общин, дан исторический анализ и прогноз их развития. Община-это тот социальный инструмент, который может вернуть человеку его прежнее могущество и совершенство.</p>",в-поисках-сокровенного,,,,,,800,,,,,,,IN_STOCK,false,,,978-5-91898-012-5,,,,,,,,,,,,,,,,,,,,,,,,,,,,,,,,,,,,,,,,,,,,,,,,,,,,,,,,,,,,,,,,,,,,,,,,,,
Product_be684130-1ffa-4321-a9b9-6f8e19491326,MEDIA,,,,,,c6fba9_e03fd9a5139447bf98dd08dc47133d17~mv2.jpg,,,,,,,,,,,,,,,,,,,,,,,,,,,,,,,,,,,,,,,,,,,,,,,,,,,,,,,,,,,,,,,,,,,,,,,,,,,,,,,,,,,,,,,,,
Product_147d86b5-8ce7-4ca4-9216-7c2a54d1d3f5,PRODUCT,Русь Борейская,true,"<p>Книга ""Русь борейская""&nbsp;входит в серию ""В поисках сокровенного"". В ней осуществлена попытка воссоздания развёрнутой панорамы непроявленных событий в истории России и вскрыты причины волшебности русской культуры.</p>",рекомендованные-для-учащихся-шж,,,,,,1000,,,,,,,IN_STOCK,false,,,5-93897-007-5,,,,,,,,,,,,,,,,,,,,,,,,,,,,,,,,,,,,,,,,,,,,,,,,,,,,,,,,,,,,,,,,,,,,,,,,,,
Product_147d86b5-8ce7-4ca4-9216-7c2a54d1d3f5,MEDIA,,,,,,53e401_e8b3b2050d7245b8962fbc228f71f628~mv2.jpg,,,,,,,,,,,,,,,,,,,,,,,,,,,,,,,,,,,,,,,,,,,,,,,,,,,,,,,,,,,,,,,,,,,,,,,,,,,,,,,,,,,,,,,,,
Product_cbb3c56e-33a6-499b-b7f8-c57cd133ad3a,PRODUCT,Славы русским Богам,true,<p>В этой книге представлены читателю в стихотворной форме Славы русским Богам.</p>,рекомендованные-для-учащихся-шж;в-поисках-сокровенного,,,,,,700,,,,,,,IN_STOCK,false,,,978-5-88917-003-7,,,,,,,,,,,,,,,,,,,,,,,,,,,,,,,,,,,,,,,,,,,,,,,,,,,,,,,,,,,,,,,,,,,,,,,,,,
Product_cbb3c56e-33a6-499b-b7f8-c57cd133ad3a,MEDIA,,,,,,53e401_00aae5df1e0e4d959fe906b35b2382f8~mv2.jpg,,,,,,,,,,,,,,,,,,,,,,,,,,,,,,,,,,,,,,,,,,,,,,,,,,,,,,,,,,,,,,,,,,,,,,,,,,,,,,,,,,,,,,,,,
Product_10e77402-f46e-4bbe-b362-02229ce61662,PRODUCT,Словарь терминов по Русской волшебной культуре,true,"<p>В словаре рассмотрены значения как обычных, но имевших совсем иное значение, так и исчезнувших слов, характеризовавших волшебность древлеправославной русской культуры.&nbsp;Предназначена для слушателей Школы Жрецов.</p>",русская-волшебная-культура,,,,,,1500,,,,,,,IN_STOCK,false,,,,,,,,,,,,,,,,,,,,,,,,,,,,,,,,,,,,,,,,,,,,,,,,,,,,,,,,,,,,,,,,,,,,,,,,,,,,,
Product_10e77402-f46e-4bbe-b362-02229ce61662,MEDIA,,,,,,53e401_b26d170321254c519bd98784693ab35e~mv2.jpg,,,,,,,,,,,,,,,,,,,,,,,,,,,,,,,,,,,,,,,,,,,,,,,,,,,,,,,,,,,,,,,,,,,,,,,,,,,,,,,,,,,,,,,,,
Product_d0b97974-de62-4958-bc46-5b8ca8dcfc18,PRODUCT,Солнце-и праноедение,true,"<p>Книга предназначена для всех, кто рискует оказаться на самом дне жизни: для бизнесменов, банкиров, предпринимателей, директоров фирм и заводов, крупных и не очень крупных чиновников, политиков, знаменитостей, фермеров, должников, набравших кредитов в банках, просто людей не подозревающих, о своём будущем крахе, для всех тех, кто рискует оказаться в ситуации, когда в течение&nbsp;года, а может быть и нескольких лет, будет всем нечего есть. Предчувствуя такой вариант событий (а он происходит у каждого человека с железной необходимостью), нужно заблаговременно подготовиться к этим испытаниям. Чтобы с честью их пройти, нужно научить организм прано- и солнцеедению. Правильный переход на солнце и праноеедение позволит человеку сохранять жизнь и здоровье&nbsp;и дожить до благополучных дней, когда снова появятся условия для нормальной жизни.В этой книге изложены условия безболезненного перехода на многолетнее существование человека без воды и еды.</p>",в-поисках-сокровенного,,,,,,800,,,,,,,IN_STOCK,false,,,978-5-91898-037-8,,,,,,,,,,,,,,,,,,,,,,,,,,,,,,,,,,,,,,,,,,,,,,,,,,,,,,,,,,,,,,,,,,,,,,,,,,
Product_d0b97974-de62-4958-bc46-5b8ca8dcfc18,MEDIA,,,,,,53e401_2719b9c5cb9947bba4ac7cf768c90a80~mv2.jpg,,,,,,,,,,,,,,,,,,,,,,,,,,,,,,,,,,,,,,,,,,,,,,,,,,,,,,,,,,,,,,,,,,,,,,,,,,,,,,,,,,,,,,,,,
Product_3d2a2233-96fc-4046-a25b-70fae619f70e,PRODUCT,Старинное описание цивилизаций Солнечной системы,false,"<p>С главы книги Карышевой И.А. ""Сущность жизни"", изданной в С.Петербурге в 1897 году мы начинаем печатать письменные источники по русской волшебной культуре. В этой книге в какой то степени можно увидеть, как Человечество опускалось от уровня Повелителей Вселенных, до современного животного уровня.&nbsp;</p>",,,,,,,80,,,,,,0,OUT_OF_STOCK,false,,,,,,,,,,,,,,,,,,,,,,,,,,,,,,,,,,,,,,,,,,,,,,,,,,,,,,,,,,,,,,,,,,,,,,,,,,,,,
Product_3d2a2233-96fc-4046-a25b-70fae619f70e,MEDIA,,,,,,53e401_a3f2b1196f1e4e80b3709f49f3443e6d~mv2.jpg,,,,,,,,,,,,,,,,,,,,,,,,,,,,,,,,,,,,,,,,,,,,,,,,,,,,,,,,,,,,,,,,,,,,,,,,,,,,,,,,,,,,,,,,,
Product_20daee16-9e22-43fc-951b-5557ad1b4110,PRODUCT,Сыроедение - путь к бессмертию,true,"<p>В книге рассказано о фантастических результатах сыроедения, раскрыты механизмы, объясняющие&nbsp;феномены поразительного оздоровления и излечения от всевозможных неизлечимых болезней. Приведены случаи омоложения глубоких стариков с превращением их в молодых людей и даже юношей.</p>",в-поисках-сокровенного,,,,,,800,,,,,,,IN_STOCK,false,,,978-5-91898-001-9,,,,,,,,,,,,,,,,,,,,,,,,,,,,,,,,,,,,,,,,,,,,,,,,,,,,,,,,,,,,,,,,,,,,,,,,,,
Product_20daee16-9e22-43fc-951b-5557ad1b4110,MEDIA,,,,,,53e401_016633bdb34542e8a2bc40bd13427e59~mv2.jpg,,,,,,,,,,,,,,,,,,,,,,,,,,,,,,,,,,,,,,,,,,,,,,,,,,,,,,,,,,,,,,,,,,,,,,,,,,,,,,,,,,,,,,,,,
Product_0f1d0a13-d4fc-4e42-99a8-16ac75af9fcb,PRODUCT,Теория и практика Священных Рощ,true,"<p>Настоящее исследование проясняет влияние&nbsp; Священных Рощ на экологию, биосферу и общество.</p>",русская-волшебная-культура,,,,,,1000,,,,,,,IN_STOCK,false,,,978-5-91898-004-0,,,,,,,,,,,,,,,,,,,,,,,,,,,,,,,,,,,,,,,,,,,,,,,,,,,,,,,,,,,,,,,,,,,,,,,,,,
Product_0f1d0a13-d4fc-4e42-99a8-16ac75af9fcb,MEDIA,,,,,,c6fba9_18e5392f3b3048e4972b196ef0c95008~mv2.jpg,,,,,,,,,,,,,,,,,,,,,,,,,,,,,,,,,,,,,,,,,,,,,,,,,,,,,,,,,,,,,,,,,,,,,,,,,,,,,,,,,,,,,,,,,
Product_68a60738-a5a6-4bde-bfc5-d396ad544d24,PRODUCT,Украденная история,true,"<p>По заявкам читателей, переиздана и дополнена книга ""Украденная история"".Книга ""Украденная история России, Европы, Азии и Америки"", входит в серию "" В поисках сокровенного"". Она является значительным дополнением книги ""Запрещённой истории России"". В ней представлены портретные сходства королей, канцлеров и президентов стран Европы, Америки и Азии с императорами и руководителями Российской империи из чего делается вывод, что Европа, Азия и Америка до 1913 года входили в состав Российской империи и окончательно выделились в ""самостоятельные"" государства только лишь после Первой мировой войны. Но развал Российской империи на этом не остановился. Он продолжался и после Февральской и Октябрьских революций, после Гражданской и 2-й мировой войны и продолжается до сих пор после так называемых оранжевых революций. Эта книга также о том, почему и как это происходит.&nbsp; Книга написана на основе Доклада ""История преступлений космических кураторов против Человечества и человечности"", подготовленный для членов ""Комиссии Космической Коалиции по планете Земля"".</p>",в-поисках-сокровенного;рекомендованные-для-учащихся-шж,,,,Переиздание,,1000,,,,,,0,IN_STOCK,false,,,,,,,,,,,,,,,,,,,,,,,,,,,,,,,,,,,,,,,,,,,,,,,,,,,,,,,,,,,,,,,,,,,,,,,,,,,,,
Product_68a60738-a5a6-4bde-bfc5-d396ad544d24,MEDIA,,,,,,53e401_2081ab2c96fb4f1ba2630f7772f8e436~mv2.jpg,,,,,,,,,,,,,,,,,,,,,,,,,,,,,,,,,,,,,,,,,,,,,,,,,,,,,,,,,,,,,,,,,,,,,,,,,,,,,,,,,,,,,,,,,
Product_0858b55a-f238-4c07-b388-0b5098380971,PRODUCT,Хроника великой Руссии,true,"<p>Хроника Великой Руссии объединяет ранее вышедшие книги автора ""Запрещенная история"" и ""Украденная история"". В книге приведены новые факты параллелей с греческой мифологией и историей.</p>",рекомендованные-для-учащихся-шж;в-поисках-сокровенного,,,,,,1500,,,,,,0,IN_STOCK,false,,,978-5-918-98-024-9,,,,,,,,,,,,,,,,,,,,,,,,,,,,,,,,,,,,,,,,,,,,,,,,,,,,,,,,,,,,,,,,,,,,,,,,,,
Product_0858b55a-f238-4c07-b388-0b5098380971,MEDIA,,,,,,53e401_c02458e88c19464c9ab86bd130dd59b5~mv2.jpg,,,,,,,,,,,,,,,,,,,,,,,,,,,,,,,,,,,,,,,,,,,,,,,,,,,,,,,,,,,,,,,,,,,,,,,,,,,,,,,,,,,,,,,,,
Product_61227e80-486d-466b-9454-1289428ebbf8,PRODUCT,Что может спасти Америку и Европу от неминуемой гибели?,true,"<p>Несмотря на то, что взрыв Йеллоустоунского супервулкана уничтожит не только Америку, но и всех людей на Земле, автор рассчитывает на благоразумие здоровых сил Человечества и их возможность принять последнюю разумную меру, способную замедлить надвигающуюся, неизбежную катастрофу (которая практически уже началась) и может быть даже спастись, погасив её. В надвигающейся неотвратимой гибели Человечества и Биосферы Земли, лучше хоть что-то попытаться сделать, чем пассивно ждать своего смертельного конца. Кто-то планирует отсидеться в подземных городах, специально выстроенных для случая глобальной катастрофы, но реальность сегодня такова, что спасутся или все, или не спасётся никто.</p>",глобальные-задачи-человечества,,,,,,200,,,,,,0,IN_STOCK,false,,,,,,,,,,,,,,,,,,,,,,,,,,,,,,,,,,,,,,,,,,,,,,,,,,,,,,,,,,,,,,,,,,,,,,,,,,,,,
Product_61227e80-486d-466b-9454-1289428ebbf8,MEDIA,,,,,,53e401_ad90c96c87374715bdcc5849fd5bcee0~mv2.jpg,,,,,,,,,,,,,,,,,,,,,,,,,,,,,,,,,,,,,,,,,,,,,,,,,,,,,,,,,,,,,,,,,,,,,,,,,,,,,,,,,,,,,,,,,
Product_c86f6d5a-d770-4451-bbec-2ba720f7c941,PRODUCT,Эпоха Рая на Земле,true,"<p>Наконец-то свершилось. Прозревшее сердце, погруженное в череду бесконечных рождений и смертей, отчаявшееся найти свой отчий дом, утопающее в слезах в веках тьмы и насилия, припало к целебным истокам и древним корням Святой Руси. Книга В.А. Шемшука раскрыла в памяти опыт прошлых моих рождений в мире Прави и Слави: потрясающий мир с невероятными знаниями, превзошедшими самые дерзкие помыслы и фантазии, с загадочной и доселе скрытой культурой. Все катаклизмы, революции, войны, лжепросвещения, разрушения,взлеты и падения цивилизаций были направлены на то, чтобы мы никогда не постигли красоту русско-славянской, ведической культуры, бывшей колыбелью для евразийских народов. Скоро Господь во всех нас возродит память о прошлом, и мы все убедимся в истинностизнаний, поведанных в этой книге.&nbsp;</p>",рекомендованные-для-учащихся-шж;в-поисках-сокровенного,,,,,,1000,,,,,,0,IN_STOCK,false,,,5-93897-007-5,,,,,,,,,,,,,,,,,,,,,,,,,,,,,,,,,,,,,,,,,,,,,,,,,,,,,,,,,,,,,,,,,,,,,,,,,,
Product_c86f6d5a-d770-4451-bbec-2ba720f7c941,MEDIA,,,,,,53e401_ec3f7b8b275d4380aa8b4f703f606266~mv2.jpg,,,,,,,,,,,,,,,,,,,,,,,,,,,,,,,,,,,,,,,,,,,,,,,,,,,,,,,,,,,,,,,,,,,,,,,,,,,,,,,,,,,,,,,,,
Product_710a32cb-946e-450b-ad3e-18e2aefedd99,PRODUCT,Этическое Государство,true,"<p>Человек не может жить без веры, без четких социальных ориентиров. Этические принципы, вытекающие из народной философии и национальной морали, помогут&nbsp; восстановить веру российского человека, с которой тысячелетиями жило Человечество. Государством должны управлять духовные и высоконравственные люди. Без претворения в жизнь этических норм невозможна эволюция человека и общества.На основе исторического материала и современных представлений автор показал направление эволюции, привел примеры живых социальных конструкций и сделал прогноз будущего развития России.</p>",в-поисках-сокровенного,,,,,,700,,,,,,,IN_STOCK,false,,,978-5-88917-003-7,,,,,,,,,,,,,,,,,,,,,,,,,,,,,,,,,,,,,,,,,,,,,,,,,,,,,,,,,,,,,,,,,,,,,,,,,,
Product_710a32cb-946e-450b-ad3e-18e2aefedd99,MEDIA,,,,,,53e401_e506f5fa8d634dc295087912dcb7ba7f~mv2.jpg,,,,,,,,,,,,,,,,,,,,,,,,,,,,,,,,,,,,,,,,,,,,,,,,,,,,,,,,,,,,,,,,,,,,,,,,,,,,,,,,,,,,,,,,,
Product_3031e925-1b19-45da-b8e1-4b10d04f7527,PRODUCT,Чаровное Сыроедение,true,"<p>Автор использует жреческие знания, и на примере сыроедения, исследует культуру Русского волшебного питания. Оказывается, чаровность заложена в строении самих растений, что и задаёт соотношение растений между собой в пище человека.</p><p>Рекомендовано слушателям Школы Жрецов.</p>",другие-авторы;русская-волшебная-культура,,,,,,1000,,,,,,,IN_STOCK,false,,,,,,,,,,,,,,,,,,,,,,,,,,,,,,,,,,,,,,,,,,,,,,,,,,,,,,,,,,,,,,,,,,,,,,,,,,,,,
Product_3031e925-1b19-45da-b8e1-4b10d04f7527,MEDIA,,,,,,53e401_01196f139e7b402ba812c1ce36a1f3d8~mv2.jpg,,,,,,,,,,,,,,,,,,,,,,,,,,,,,,,,,,,,,,,,,,,,,,,,,,,,,,,,,,,,,,,,,,,,,,,,,,,,,,,,,,,,,,,,,
Product_403ac0d7-de76-4a55-bfc6-2c942ff5f994,PRODUCT,Детям в радость,false,<p>Детские стихи с рисунками. Посвященные&nbsp;двадцати пяти&nbsp;древлеправославным богам.</p>,другие-авторы,,,,,,100,,,,,,0,OUT_OF_STOCK,false,,,978-5-90244-013-2,,,,,,,,,,,,,,,,,,,,,,,,,,,,,,,,,,,,,,,,,,,,,,,,,,,,,,,,,,,,,,,,,,,,,,,,,,
Product_403ac0d7-de76-4a55-bfc6-2c942ff5f994,MEDIA,,,,,,53e401_2a515a7bd8994e59a49a8796d696e250~mv2.jpg,,,,,,,,,,,,,,,,,,,,,,,,,,,,,,,,,,,,,,,,,,,,,,,,,,,,,,,,,,,,,,,,,,,,,,,,,,,,,,,,,,,,,,,,,
Product_dcbfdaaf-b657-4915-abed-2d6c6de36485,PRODUCT,Клич за Русь ведическую,false,"<p>Сегодня на территории практически всех государств мира развернулась явная или скрытая борьба приверженцев национальных устоев и ниспровергателей всего национального в пользу общечеловеческих ценностей. В этой книге показаны различные перипетии больших и малых битв за отстаивание национальной самобытности народов, проживающих в пределах территории Руси Ведической.</p>",другие-авторы,,,,,,100,,,,,,0,IN_STOCK,false,,,978-5-91898-029-3,,,,,,,,,,,,,,,,,,,,,,,,,,,,,,,,,,,,,,,,,,,,,,,,,,,,,,,,,,,,,,,,,,,,,,,,,,
Product_dcbfdaaf-b657-4915-abed-2d6c6de36485,MEDIA,,,,,,53e401_a94f3477216146d2a6fa08ae5f87b6a3~mv2.jpg,,,,,,,,,,,,,,,,,,,,,,,,,,,,,,,,,,,,,,,,,,,,,,,,,,,,,,,,,,,,,,,,,,,,,,,,,,,,,,,,,,,,,,,,,
Product_2b4dba2a-8ea6-4637-a3ee-fbd336f75dd5,PRODUCT,Манифестация античеловечности,false,"<p>Данная книга составлена из эссе, написанных автором на исходе XX века. На это время приходится пик мировозренческого кризиса материалистической цивилизации запада. В представленной работе намечены пути выхода из цивилизованного тупика, в котором оказалось человечество Земли.</p>",другие-авторы,,,,,,90,,,,,,0,IN_STOCK,false,,,978-5-91898-032-3,,,,,,,,,,,,,,,,,,,,,,,,,,,,,,,,,,,,,,,,,,,,,,,,,,,,,,,,,,,,,,,,,,,,,,,,,,
Product_2b4dba2a-8ea6-4637-a3ee-fbd336f75dd5,MEDIA,,,,,,53e401_e3f8650f609f4b1792e9f441a6a3cb15~mv2.jpg,,,,,,,,,,,,,,,,,,,,,,,,,,,,,,,,,,,,,,,,,,,,,,,,,,,,,,,,,,,,,,,,,,,,,,,,,,,,,,,,,,,,,,,,,
Product_e5b43be9-313e-4537-ac6e-6945420cf134,PRODUCT,Сила духов народов России,false,"<p>В представленной книге автор рассматривает вопросы духовного возрождения народов России и, прежде всего, государствообразующего русского народа. Практически весь XX век национальное самосознание русского народа подвергалось жесточайшему угнетению наднациональными силами мирового порядка. Именно поэтому в книге так много внимания уделено рассмотрению вопросов преодоления этой разрушительной тенденции.</p>",наследие-древних-русов;другие-авторы,,,,,,90,,,,,,0,IN_STOCK,false,,,978-5-91898-031-6,,,,,,,,,,,,,,,,,,,,,,,,,,,,,,,,,,,,,,,,,,,,,,,,,,,,,,,,,,,,,,,,,,,,,,,,,,
Product_e5b43be9-313e-4537-ac6e-6945420cf134,MEDIA,,,,,,53e401_4eba0492d86546829a1ed390ca74e74a~mv2.jpg,,,,,,,,,,,,,,,,,,,,,,,,,,,,,,,,,,,,,,,,,,,,,,,,,,,,,,,,,,,,,,,,,,,,,,,,,,,,,,,,,,,,,,,,,
Product_e01b4db7-e32d-4495-92c3-9d474c664001,PRODUCT,Славянский фрактал,false,"<p>В представленной работе автор стремится обозначить масштабы разрушения традиционного образа жизни славян. Выделены сильные мирового славянства, что позволяет придать новый импульс тенденции укрепления национального духа славянских народов. Подробное методов уничтожения славянской цивилизации легионерами мировой закулисы призвано&nbsp; активизировать славянских мыслителей на проявление обережной философии в реальной жизни восточных, западных и южных славян.</p>",другие-авторы;наследие-древних-русов,,,,,,90,,,,,,0,IN_STOCK,false,,,978-5-91898-030-9,,,,,,,,,,,,,,,,,,,,,,,,,,,,,,,,,,,,,,,,,,,,,,,,,,,,,,,,,,,,,,,,,,,,,,,,,,
Product_e01b4db7-e32d-4495-92c3-9d474c664001,MEDIA,,,,,,53e401_4d63d20ca84b4fd7b99cf35c606f5511~mv2.jpg,,,,,,,,,,,,,,,,,,,,,,,,,,,,,,,,,,,,,,,,,,,,,,,,,,,,,,,,,,,,,,,,,,,,,,,,,,,,,,,,,,,,,,,,,
Product_7e793428-5778-4b88-acdc-ef0fc5810e7e,PRODUCT,Торжество биоразума,false,"<p>В представленной книге автор рассматривает методологию трансформации сознания и биологической основы человека под влиянием неестейственности городской среды обитания, а также актуальные вопросы явления Исхода людей из городов.Автор будет благодарен читателям, которые поделятся своим практическим опытом участия в Исходе. Материалы направлять по электронной почте&nbsp;staretz@mail.ru&nbsp;или&nbsp;camchadal@yahoo.com, Web-site: http:// staretz.narod.ru</p>",другие-авторы,,,,,,100,,,,,,0,IN_STOCK,false,,,978-5-91898-021-7,,,,,,,,,,,,,,,,,,,,,,,,,,,,,,,,,,,,,,,,,,,,,,,,,,,,,,,,,,,,,,,,,,,,,,,,,,
Product_7e793428-5778-4b88-acdc-ef0fc5810e7e,MEDIA,,,,,,53e401_0b297b2cde9940d6b88513ed4b30ee91~mv2.jpg,,,,,,,,,,,,,,,,,,,,,,,,,,,,,,,,,,,,,,,,,,,,,,,,,,,,,,,,,,,,,,,,,,,,,,,,,,,,,,,,,,,,,,,,,
Product_3398b291-adc6-485d-8545-8de087b5933b,PRODUCT,Задачник для Школы Жрецов,true,"<p>Книга посвящена вопросам, которые надо проработать и домашним заданиям Школы Жрецов</p>",русская-волшебная-культура,,,,,,700,,,,,,,IN_STOCK,false,,,,,,,,,,,,,,,,,,,,,,,,,,,,,,,,,,,,,,,,,,,,,,,,,,,,,,,,,,,,,,,,,,,,,,,,,,,,,
Product_3398b291-adc6-485d-8545-8de087b5933b,MEDIA,,,,,,26f3fa_8cb7814187a347caaa1cd6f8e3a4d9ad~mv2.jpg,,,,,,,,,,,,,,,,,,,,,,,,,,,,,,,,,,,,,,,,,,,,,,,,,,,,,,,,,,,,,,,,,,,,,,,,,,,,,,,,,,,,,,,,,
Product_a7c3ae8d-bbec-4ff4-853b-eb57ea506087,PRODUCT,Плоская Земля и Теория относительности или Почему с нами не контачат инопланетян,true,"<p>Книга ""Плоская Земля и Теория относительности"" или ""Почему с нами не контачат инопланетяне"" входит в серию ""поисках сокровенного"" и отвечает на вопрос, мучащих многих Землян: ""почему с нами не хотят вступать в контакт иные цивилизации"".</p><p>Книга посвящена решению вопроса: как Человечеству обрести статус разумности.</p>",в-поисках-сокровенного,,,,,,700,,,,,,,IN_STOCK,false,,,,,,,,,,,,,,,,,,,,,,,,,,,,,,,,,,,,,,,,,,,,,,,,,,,,,,,,,,,,,,,,,,,,,,,,,,,,,
Product_a7c3ae8d-bbec-4ff4-853b-eb57ea506087,MEDIA,,,,,,26f3fa_b4026890f9d640a48f111d3d4986f221~mv2.jpg,,,,,,,,,,,,,,,,,,,,,,,,,,,,,,,,,,,,,,,,,,,,,,,,,,,,,,,,,,,,,,,,,,,,,,,,,,,,,,,,,,,,,,,,,
Product_70bd3771-08f3-4900-93f1-4c38338ae213,PRODUCT,Яга Любви (для Жрецов. новая обл.),true,"<p>Твёрдый переплёт.Используя мифологию и фольклорные данные и старые традиции сохранившейся в русской глубинке, автор предпринял попытку восстановить прежнюю форму физиологии половых отношений.Книга рассчитана на физиологов, сексологов, психотерапевтов, психологов и психоаналитиков.</p>",вперёд-к-истокам,,,,,,1500,,,,,,,IN_STOCK,false,,,,,,,,,,,,,,,,,,,,,,,,,,,,,,,,,,,,,,,,,,,,,,,,,,,,,,,,,,,,,,,,,,,,,,,,,,,,,
Product_70bd3771-08f3-4900-93f1-4c38338ae213,MEDIA,,,,,,be0332_2a963cf793494bd8805891167700dc4c~mv2.jpg,,,,,,,,,,,,,,,,,,,,,,,,,,,,,,,,,,,,,,,,,,,,,,,,,,,,,,,,,,,,,,,,,,,,,,,,,,,,,,,,,,,,,,,,,
Product_f666f834-4598-4a41-b280-e71ec1e5fbb5,PRODUCT,Старинные способы оживления умершего человека,true,"<p>Автор собрал и изложил старинные способы оживления умерших людей,&nbsp;позволявшие человеку&nbsp;полностью восстановится после смерти.Книга рассчитана на реаниматологов и на всех интересующихся этой проблемой.</p>",русская-волшебная-культура,,,,,,700,,,,,,,IN_STOCK,false,,,,,,,,,,,,,,,,,,,,,,,,,,,,,,,,,,,,,,,,,,,,,,,,,,,,,,,,,,,,,,,,,,,,,,,,,,,,,
Product_f666f834-4598-4a41-b280-e71ec1e5fbb5,MEDIA,,,,,,26f3fa_9f4c849493524a3c881a8fe9ab12e72f~mv2.jpg,,,,,,,,,,,,,,,,,,,,,,,,,,,,,,,,,,,,,,,,,,,,,,,,,,,,,,,,,,,,,,,,,,,,,,,,,,,,,,,,,,,,,,,,,
Product_589db79e-7f8d-4a0a-b4e4-1253ce581a55,PRODUCT,История русского жречества,true,"<p>В этой работе вкратце изложена история русского жречества, носителей чудесных знаний русской волшебной культуры.Книга относится к серии ""Русская волшебная культура"" и рассчитана на ограниченный круг читателей.</p>",русская-волшебная-культура,,,,,,700,,,,,,,IN_STOCK,false,,,,,,,,,,,,,,,,,,,,,,,,,,,,,,,,,,,,,,,,,,,,,,,,,,,,,,,,,,,,,,,,,,,,,,,,,,,,,
Product_589db79e-7f8d-4a0a-b4e4-1253ce581a55,MEDIA,,,,,,26f3fa_755c918c0b034ae49b7593f00fd40220~mv2.jpg,,,,,,,,,,,,,,,,,,,,,,,,,,,,,,,,,,,,,,,,,,,,,,,,,,,,,,,,,,,,,,,,,,,,,,,,,,,,,,,,,,,,,,,,,
Product_343636e6-02b3-4485-8196-f913cb1e4feb,PRODUCT,Апокалипсис в XVI веке. Армагедон. Всемирный потоп. Истребление душ в XX,true,"<p>В этой работе вкратце изложена история катастроф, происшедших за последнее время на Земле. Описаны причины их вызвавшие и события на Земле с ними связанные. Книга относится к серии: ""В поисках сокровенного"" и рассчитана на широкий круг думающих читателей.</p>",в-поисках-сокровенного,,,,,,700,,,,,,,IN_STOCK,false,,,,,,,,,,,,,,,,,,,,,,,,,,,,,,,,,,,,,,,,,,,,,,,,,,,,,,,,,,,,,,,,,,,,,,,,,,,,,
Product_343636e6-02b3-4485-8196-f913cb1e4feb,MEDIA,,,,,,c6fba9_f5c95747c5ec4aae803fb7ea53c81527~mv2.jpg,,,,,,,,,,,,,,,,,,,,,,,,,,,,,,,,,,,,,,,,,,,,,,,,,,,,,,,,,,,,,,,,,,,,,,,,,,,,,,,,,,,,,,,,,
Product_457a5a1b-d3b2-4323-8a44-88144a8f9e8b,PRODUCT,Божественность в русском языке,true,"<p>В этой работе изложена основа, в чем заключается божественность русского языка и как она проявляется. Книга относится к серии "" В поисках сокровенного"" и рассчитана на широкий круг думающих читателей.</p>",в-поисках-сокровенного,,,,,,700,,,,,,,IN_STOCK,false,,,,,,,,,,,,,,,,,,,,,,,,,,,,,,,,,,,,,,,,,,,,,,,,,,,,,,,,,,,,,,,,,,,,,,,,,,,,,
Product_457a5a1b-d3b2-4323-8a44-88144a8f9e8b,MEDIA,,,,,,c6fba9_79c49233dc8343459ab4a04f5341ca25~mv2.jpg,,,,,,,,,,,,,,,,,,,,,,,,,,,,,,,,,,,,,,,,,,,,,,,,,,,,,,,,,,,,,,,,,,,,,,,,,,,,,,,,,,,,,,,,,
Product_64e0998c-1be0-42eb-bc32-9636cd8eac75,PRODUCT,Битва за Землю,true,"<p>На протяжении последних 70 лет правительства ведущих стран мира вынуждены были заниматься сокрытием факта инопланетного присутствия на Земле, а самое главное- своих связей с инопланетными цивилизациями, безраздельно контролирующей Человечество уже не одну сотню лет.</p>",рекомендованные-для-учащихся-шж,,,,,,300,,,,,,,IN_STOCK,false,,,,,,,,,,,,,,,,,,,,,,,,,,,,,,,,,,,,,,,,,,,,,,,,,,,,,,,,,,,,,,,,,,,,,,,,,,,,,
Product_64e0998c-1be0-42eb-bc32-9636cd8eac75,MEDIA,,,,,,c6fba9_ed209e7a73234a24b143083a4ccf9cb4~mv2.jpg,,,,,,,,,,,,,,,,,,,,,,,,,,,,,,,,,,,,,,,,,,,,,,,,,,,,,,,,,,,,,,,,,,,,,,,,,,,,,,,,,,,,,,,,,
Product_0eb1d53c-1e35-4862-845d-1ef55037174b,PRODUCT,Педагогическая рапсодия,true,"<p>В этой работе вкратце изложены традиции и принципы образования, обучения, формирования, просвещения, умения и программы в русской древлеправославной школе. Книга относится к серии: ""В поисках сокровенного"" и рассчитана на ограниченный круг читателей.</p>",в-поисках-сокровенного,,,,,,700,,,,,,,IN_STOCK,false,,,,,,,,,,,,,,,,,,,,,,,,,,,,,,,,,,,,,,,,,,,,,,,,,,,,,,,,,,,,,,,,,,,,,,,,,,,,,
Product_0eb1d53c-1e35-4862-845d-1ef55037174b,MEDIA,,,,,,c6fba9_4668dcc742714b7894a2ab2e10b2fdb8~mv2.jpg,,,,,,,,,,,,,,,,,,,,,,,,,,,,,,,,,,,,,,,,,,,,,,,,,,,,,,,,,,,,,,,,,,,,,,,,,,,,,,,,,,,,,,,,,
Product_7b1547d3-de3a-4fac-a751-b6051bc02cd8,PRODUCT,Древлеправославный календарь,false,"<p>Эта книга посвящена вопросам влияния на человека&nbsp;чисел&nbsp;и временных промежутков, которые определяют его судьбу, удачу, процветание или&nbsp;наоборот.&nbsp;При незнании функций чисел и промежутков, можно так и остаться в поле несчастий, невезения и всевозможных напастей. Всё это было отражено в древлеправославном календаре, в его строении и в праздничных датах, построенного нашими предками на фундаментальной базе функций натурального ряда чисел. В процессе исследования этого календаря вскрываются очень серьёзные пробелы в наших знаниях о русской культуре и истории, которые мы и попытались здесь восполнить.</p>",,,,,,,1000,,,,,,0,IN_STOCK,false,,,,,,,,,,,,,,,,,,,,,,,,,,,,,,,,,,,,,,,,,,,,,,,,,,,,,,,,,,,,,,,,,,,,,,,,,,,,,
Product_7b1547d3-de3a-4fac-a751-b6051bc02cd8,MEDIA,,,,,,c6fba9_8a0f0c0575f84954a5e46d68019294ed~mv2.jpg,,,,,,,,,,,,,,,,,,,,,,,,,,,,,,,,,,,,,,,,,,,,,,,,,,,,,,,,,,,,,,,,,,,,,,,,,,,,,,,,,,,,,,,,,
Product_65ed410e-6102-4f7f-83d0-3b972051970a,PRODUCT,Зачала Ведической Арифметики,true,,другие-авторы,,,,,,1000,,,,,,,IN_STOCK,false,,,,,,,,,,,,,,,,,,,,,,,,,,,,,,,,,,,,,,,,,,,,,,,,,,,,,,,,,,,,,,,,,,,,,,,,,,,,,
Product_65ed410e-6102-4f7f-83d0-3b972051970a,MEDIA,,,,,,c6fba9_3d59df9273f643288fb9426f96485140~mv2.jpg,,,,,,,,,,,,,,,,,,,,,,,,,,,,,,,,,,,,,,,,,,,,,,,,,,,,,,,,,,,,,,,,,,,,,,,,,,,,,,,,,,,,,,,,,
Product_65ed410e-6102-4f7f-83d0-3b972051970a,MEDIA,,,,,,c6fba9_842798234a114f74ae49b60989dbabaa~mv2.jpg,,,,,,,,,,,,,,,,,,,,,,,,,,,,,,,,,,,,,,,,,,,,,,,,,,,,,,,,,,,,,,,,,,,,,,,,,,,,,,,,,,,,,,,,,
Product_20ba4c17-f5f7-4e53-890d-626d7f6800fc,PRODUCT,Тайна строительства склепов для оживления умерших людей,true,"<p>В этой работе изложены основы, хранения умерших людей для последующего их оживления.</p><p>Книга относится к серии: ""В поисках сокровенного"" и рассчитана на широкий круг думающих читателей</p>",в-поисках-сокровенного;новинки,,,,,,800,,,,,,,IN_STOCK,false,,,,,,,,,,,,,,,,,,,,,,,,,,,,,,,,,,,,,,,,,,,,,,,,,,,,,,,,,,,,,,,,,,,,,,,,,,,,,
Product_20ba4c17-f5f7-4e53-890d-626d7f6800fc,MEDIA,,,,,,c6fba9_25e92e7bdedf45c58e263bc0ea146b3f~mv2.jpg,,,,,,,,,,,,,,,,,,,,,,,,,,,,,,,,,,,,,,,,,,,,,,,,,,,,,,,,,,,,,,,,,,,,,,,,,,,,,,,,,,,,,,,,,
Product_79f77f1c-154b-4a51-94fc-9637c0e37e22,PRODUCT,Краткая история религий,true,"<p>Самый запутанный и самый табуированный вопрос - это вопрос истории религий и их священных книг. Поскольку все ныне существующие религии имеют один корень происхождения, мы&nbsp; постарались рассмотреть историяю не одной религии, не одной священной книги, а историю всех религий и их священных книг. В качестве примера взята священная книга католиков, христиан, мормонов и протестонтов - Библия</p>",новинки,,,,,,1000,,,,,,,IN_STOCK,false,,,,,,,,,,,,,,,,,,,,,,,,,,,,,,,,,,,,,,,,,,,,,,,,,,,,,,,,,,,,,,,,,,,,,,,,,,,,,
Product_79f77f1c-154b-4a51-94fc-9637c0e37e22,MEDIA,,,,,,c6fba9_1dbdf6aad5c14cfcb1d5f01f73c754e3~mv2.jpg,,,,,,,,,,,,,,,,,,,,,,,,,,,,,,,,,,,,,,,,,,,,,,,,,,,,,,,,,,,,,,,,,,,,,,,,,,,,,,,,,,,,,,,,,
Product_0735a55d-db20-46d8-b83b-65b07fede3f0,PRODUCT,Наука изучать прекрасное (В.И. Говоров),true,"<p>Цветная, формат А4.</p><p>&nbsp;</p><p>Для кого и для чего написана эта книга? Для узкого круга специалистов или для широкого круга читателей? Первым она пригодится для написания дисертаций, вторым - покажет образцы совершенного искусства и приобщит&nbsp;их к настоящей культуре.</p><p>И самое главное, что откроется вашему уму - волшебные свойства Русского Языка, языка Мироздания, науки, культуры и искусства, позволяющие постичь любые тайны окражущего нас Бытия</p>",новинки;другие-авторы,,,,Новинка,,1500,,,,,,,IN_STOCK,false,,,,,,,,,,,,,,,,,,,,,,,,,,,,,,,,,,,,,,,,,,,,,,,,,,,,,,,,,,,,,,,,,,,,,,,,,,,,,
Product_0735a55d-db20-46d8-b83b-65b07fede3f0,MEDIA,,,,,,c6fba9_1e8b691712e64092ae883cdb290c8d3d~mv2.jpg,,,,,,,,,,,,,,,,,,,,,,,,,,,,,,,,,,,,,,,,,,,,,,,,,,,,,,,,,,,,,,,,,,,,,,,,,,,,,,,,,,,,,,,,,
Product_a141244e-5799-44b0-906e-c544312fc15d,PRODUCT,Освобождение от рабства. Малоедение и малопитие - это вечная молодость и...,true,"<p>Эта книга предназначена для всех, кто хочет избавиться от современных иллюзий и вырваться из рабства захватчиков нашей планеты, в котором оказалось всё Человечество. Рабство, кое неуклонно ведёт Человека к инволюции, дегенерации, к старению и к смерти. И оно довело нас уже до того, что к нам на планету хотят вселить другую цивилизацию, а всё опущенное Человечество навсегда отправить к праотцам – для чего эту отправку переименовали сегодня в «переход в пятое измерение». Книга будет полезна для бизнесменов, банкиров, директоров фирм и заводов, крупных и не очень крупных чиновников, политиков, знаменитостей, фермеров и для всех тех, кто может принимать решение.</p>",в-поисках-сокровенного,,,,Новинка,,900,,,,,,,IN_STOCK,false,,,,,,,,,,,,,,,,,,,,,,,,,,,,,,,,,,,,,,,,,,,,,,,,,,,,,,,,,,,,,,,,,,,,,,,,,,,,,
Product_a141244e-5799-44b0-906e-c544312fc15d,MEDIA,,,,,,c6fba9_b75ac8a6c72f47da9c33190caea288fa~mv2.jpg,,,,,,,,,,,,,,,,,,,,,,,,,,,,,,,,,,,,,,,,,,,,,,,,,,,,,,,,,,,,,,,,,,,,,,,,,,,,,,,,,,,,,,,,,
Product_d5e83db3-0ffd-445f-a5d9-b48cab2ef144,PRODUCT,Искусство повитух. Практика рождения гениев,true,"<p>Книга рассчитана на профессиональных повитух, на девушек и женщин решивших стать мамами, вреде абортов, а также на всех думающих людей которые могут отличить истину от иллюзий, в таком важном вопросе как рождение гениального или даже Божественного ребёнка. Эта книга является основой жизни свободных людей, поэтому, возможно в ближайшее время, закулиса будет пытаться всячески её запретить</p>",в-поисках-сокровенного,,,,Новинка,,900,,,,,,,IN_STOCK,false,,,,,,,,,,,,,,,,,,,,,,,,,,,,,,,,,,,,,,,,,,,,,,,,,,,,,,,,,,,,,,,,,,,,,,,,,,,,,
Product_d5e83db3-0ffd-445f-a5d9-b48cab2ef144,MEDIA,,,,,,be0332_698bfc9c80404369bca73a680b1fb3a4~mv2.jpg,,,,,,,,,,,,,,,,,,,,,,,,,,,,,,,,,,,,,,,,,,,,,,,,,,,,,,,,,,,,,,,,,,,,,,,,,,,,,,,,,,,,,,,,,
Product_e23bf4e7-ab67-41b1-b719-362bbcbbab3e,PRODUCT,Последствия апокалипсиса. Происхождение наций и народов,true,"<p>В этой работе вкратце изложены причины появления на земле множества наций и народов и сделана попытка сосчитать количество погибших планет, их спутников в Солнечной системе в результате происшедшего апокалипсиса. Книга не подлежит широкому распространению и рассчитана на просветлённых думающих людей</p>",в-поисках-сокровенного,,,,Новинка,,1000,,,,,,,IN_STOCK,false,,,,,,,,,,,,,,,,,,,,,,,,,,,,,,,,,,,,,,,,,,,,,,,,,,,,,,,,,,,,,,,,,,,,,,,,,,,,,
Product_e23bf4e7-ab67-41b1-b719-362bbcbbab3e,MEDIA,,,,,,be0332_02c3df71bf4b44118a3fbb2bf6af2a3f~mv2.jpg,,,,,,,,,,,,,,,,,,,,,,,,,,,,,,,,,,,,,,,,,,,,,,,,,,,,,,,,,,,,,,,,,,,,,,,,,,,,,,,,,,,,,,,,,
Product_33e3210d-6c9b-4444-9316-641c2332b1a5,PRODUCT,Надежда есть. Мечта сбывается,true,"<p>В книге изложена информация о параллельных цивилизациях, с которыми мы живём бок о бок на Земле и не подозреваем об ихсуществовании. Да это и понятно, нам обрубили корни: мы не знаем свой Род, мы не помним свои прошлые жизни. И поэтому с нами не могут связаться наши предки и сообщить нам важную для нас информацию. Это всё равно что иметь телефон без номера. Ну и кто с нами свяжется тогда и поделится информацией!? Знание о Роде и прошлых жизнях – это номер телефона – это центр приёма информации. Мы до сих пор расхлёбываем последствия апокалипсиса. Здесь приведён комплекс мероприятий, позволяющих упредить наступающую катастрофу. Но это станет возможным только в том случае, если каждый человек нашей планеты активно примет участие в осуществлении мероприятий, описанных в этой работе. Тех нескольких сотен подключившихся людей явно недостаточно для выхода из катастрофического кризиса, который грядёт в ближайшее время. Нужно задействовать всё Человечество, тогда мы спасёмся.</p>",,,,,Новинка,,700,,,,,,,IN_STOCK,false,,,,,,,,,,,,,,,,,,,,,,,,,,,,,,,,,,,,,,,,,,,,,,,,,,,,,,,,,,,,,,,,,,,,,,,,,,,,,
Product_33e3210d-6c9b-4444-9316-641c2332b1a5,MEDIA,,,,,,be0332_5857301570a240f49134af5c1ac1b497~mv2.jpg,,,,,,,,,,,,,,,,,,,,,,,,,,,,,,,,,,,,,,,,,,,,,,,,,,,,,,,,,,,,,,,,,,,,,,,,,,,,,,,,,,,,,,,,,
